,,,"1,00%",,"1,95%","2,92%",,"-2,50%",0,,,,,,,,,,,,,
,Date,Open,Open +1%,Cond. Precio,High,% Mov.,Low,% Mov.,Diferencia entre low y stop lost,Close,% Cierre,Gap,Operable,Volume,Cond. Vol,Com. Prom,Com. High,Com. Low,Rdo del dia c/ SL Prom,Rdo del dia c/ TP Prom,Resultados,Resultado
,08/12/2021,"56,62","57,19",Si,"57,21","0,04%","56,02","-2,04%",,"56,76","-0,75%","-0,32%",No,5960418,Si,"-51,79%",-97%,44%,"1,00",0,"-0,75%",0
,08/11/2021,"57,15","57,72",Si,"57,3","-0,73%","55,67","-3,55%",,"56,8","-1,60%","-0,16%",No,12342940,Si,"-0,16%",-152%,2%,"0,00",0,"-2,50%",0
,08/10/2021,"58,91","59,50",Si,59,"-0,84%","56,92","-4,33%",,"57,24","-3,80%","0,10%",No,11275440,Si,"-8,80%",-160%,-20%,"0,00",0,"-2,50%",0
,08/09/2021,"58,65","59,24",Si,"59,41","0,29%","57,81","-2,41%",,"58,85","-0,65%","-0,22%",No,7971945,Si,"-35,52%",-79%,34%,"1,00",0,"-0,65%",0
,08/06/2021,"59,99","60,59",Si,"60,78","0,31%","58,38","-3,65%",,"58,78","-2,99%","-0,56%",No,8960798,Si,"-27,52%",-78%,-1%,"0,00",0,"-2,50%",0
,08/05/2021,"59,65","60,25",Si,"60,9","1,08%","59,29","-1,59%",,"60,33","0,14%","-0,80%",Si,10895190,Si,"-11,87%",-23%,56%,"1,00",0,"0,14%",1
,08/04/2021,"60,36","60,96",Si,"60,94","-0,04%","58,95","-3,30%",,"60,13","-1,37%","0,58%",No,14707780,Si,"18,97%",-103%,9%,"0,00",0,"-2,50%",0
,08/03/2021,"57,17","57,74",Si,"60,05","4,00%","57,12","-1,08%",,"60,01","3,93%","0,09%",Si,24964910,Si,"101,93%",184%,70%,"1,00",1,"2,92%",1
,08/02/2021,"59,31","59,90",Si,"59,6","-0,51%","56,81","-5,16%","-1,67%","57,12","-4,65%","0,70%",No,25378560,Si,"105,28%",-136%,-42%,"0,00",0,"-2,50%",0
,07/30/2021,"59,2","59,79",Si,"60,88","1,82%","58,01","-2,98%",0,"58,9","-1,49%","-17,82%",Si,76475500,Si,"518,59%",29%,18%,"0,00",0,"-2,50%",0
,07/29/2021,76,"76,76",Si,"76,5","-0,34%","70,35","-8,35%",,"72,04","-6,15%","-0,85%",No,27085010,Si,"119,08%",-124%,-130%,"0,00",0,"-2,50%",0
,07/28/2021,"74,91","75,66",Si,"76,87","1,60%","73,85","-2,39%",,"76,65","1,31%","0,83%",Si,7481438,Si,"-39,48%",14%,34%,"1,00",0,"1,31%",1
,07/27/2021,"75,7","76,46",Si,"77,29","1,09%","73,32","-4,10%",,"74,29","-2,83%","-1,03%",Si,7160876,Si,"-42,08%",-23%,-13%,"0,00",0,"-2,50%",0
,07/26/2021,"76,15","76,91",Si,"77,24","0,43%","74,85","-2,68%",,"76,49","-0,55%","-0,99%",No,6937870,Si,"-43,88%",-70%,26%,"0,00",0,"-2,50%",0
,07/23/2021,"75,66","76,42",Si,"77,92","1,97%","74,23","-2,86%",,"76,91","0,65%","4,06%",No,15737060,Si,"27,29%",40%,21%,"0,00",0,"-2,50%",0
,07/22/2021,"72,51","73,24",Si,"73,08","-0,21%","71,26","-2,70%",,"72,71","-0,72%","0,39%",No,5256362,Si,"-57,48%",-115%,26%,"0,00",0,"-2,50%",0
,07/21/2021,"70,78","71,49",Si,"72,33","1,18%","69,98","-2,11%",0,"72,23","1,04%","-0,91%",Si,7435567,Si,"-39,86%",-16%,42%,"1,00",0,"1,04%",1
,07/20/2021,"71,6","72,32",Si,"71,89","-0,59%","69,53","-3,85%","-0,36%","71,43","-1,23%","0,34%",No,7224823,Si,"-41,56%",-142%,-6%,"0,00",0,"-2,50%",0
,07/19/2021,"67,32","67,99",Si,"71,67","5,41%","66,17","-2,68%",0,"71,36","4,95%","-2,05%",Si,10792030,Si,"-12,71%",284%,26%,"0,00",1,"-2,50%",0
,07/16/2021,"70,35","71,05",Si,"70,47","-0,82%","68,38","-3,76%",,"68,73","-3,27%","0,46%",No,6412105,Si,"-48,13%",-158%,-4%,"0,00",0,"-2,50%",0
,07/15/2021,"69,72","70,42",Si,"72,11","2,40%","68,84","-2,24%",,"70,03","-0,55%","-0,06%",Si,7970920,Si,"-35,53%",71%,38%,"1,00",0,"-0,55%",0
,07/14/2021,73,"73,73",Si,"73,49","-0,33%","69,72","-5,44%",,"69,76","-5,38%","1,23%",No,8008149,Si,"-35,22%",-123%,-50%,"0,00",0,"-2,50%",0
,07/13/2021,"72,99","73,72",Si,"73,61","-0,15%","71,34","-3,23%",,"72,11","-2,18%","-0,48%",No,12357470,Si,"-0,04%",-111%,11%,"0,00",0,"-2,50%",0
,07/12/2021,"77,23","78,00",Si,"77,89","-0,14%","73,09","-6,30%",,"73,34","-5,98%","0,31%",No,12949290,Si,"4,74%",-110%,-74%,"0,00",0,"-2,50%",0
,07/09/2021,"75,5","76,26",Si,"77,15","1,17%","74,32","-2,54%",,"76,99","0,96%","-0,50%",Si,7163986,Si,"-42,05%",-17%,30%,"0,00",0,"-2,50%",0
,07/08/2021,"75,83","76,59",Si,"76,41","-0,23%","74,12","-3,22%",0,"75,88","-0,92%","-2,43%",No,11042780,Si,"-10,68%",-117%,11%,"0,00",0,"-2,50%",0
,07/07/2021,"81,19","82,00",Si,"81,77","-0,28%","77,7","-5,25%",,"77,72","-5,22%","1,12%",No,7024519,Si,"-43,18%",-120%,-45%,"0,00",0,"-2,50%",0
,07/06/2021,"79,4","80,19",Si,"81,67","1,84%","79,39","-1,00%",,"80,29","0,12%","0,11%",Si,8197724,Si,"-33,69%",31%,72%,"1,00",0,"0,12%",1
,07/02/2021,"79,86","80,66",Si,"80,54","-0,15%","78,77","-2,34%",,"79,31","-1,67%","0,00%",No,6732562,Si,"-45,54%",-110%,35%,"1,00",0,"-1,67%",0
,07/01/2021,"79,39","80,18",Si,"80,03","-0,19%","78,2","-2,47%",,"79,86","-0,40%","0,56%",No,7488280,Si,"-39,43%",-114%,32%,"1,00",0,"-0,40%",0
,06/30/2021,"78,76","79,55",Si,"79,28","-0,34%","77,42","-2,67%",,"78,95","-0,75%","0,11%",No,5830001,Si,"-52,84%",-124%,26%,"0,00",0,"-2,50%",0
,06/29/2021,"78,55","79,34",Si,"79,12","-0,27%","77,41","-2,43%",,"78,67","-0,84%","-0,32%",No,5510056,Si,"-55,43%",-119%,33%,"1,00",0,"-0,84%",0
,06/28/2021,"77,33","78,10",Si,"78,99","1,14%","76,77","-1,71%",,"78,8","0,89%","0,64%",Si,7468618,Si,"-39,59%",-19%,53%,"1,00",0,"0,89%",1
,06/25/2021,"76,95","77,72",Si,"77,46","-0,33%","75,2","-3,24%",,"76,84","-1,13%","0,88%",No,15657460,Si,"26,65%",-124%,11%,"0,00",0,"-2,50%",0
,06/24/2021,"75,55","76,31",Si,"76,79","0,63%","74,81","-1,96%",,"76,28","-0,03%","1,02%",No,8455175,Si,"-31,61%",-55%,46%,"1,00",0,"-0,03%",0
,06/23/2021,"73,5","74,24",Si,"75,22","1,33%","73,31","-1,25%",,"74,79","0,75%","0,46%",Si,8483730,Si,"-31,38%",-6%,66%,"1,00",0,"0,75%",1
,06/22/2021,"71,34","72,05",Si,"73,65","2,22%","71,23","-1,14%",,"73,16","1,54%","0,30%",Si,9047268,Si,"-26,82%",57%,68%,"1,00",0,"1,54%",1
,06/21/2021,"73,14","73,87",Si,"73,25","-0,84%","70,02","-5,21%",,"71,13","-3,71%","-1,42%",No,14161790,Si,"14,55%",-160%,-44%,"0,00",0,"-2,50%",0
,06/18/2021,"73,17","73,90",Si,"74,58","0,92%","72,87","-1,40%",,"74,19","0,39%","0,04%",No,14347200,Si,"16,05%",-35%,61%,"1,00",0,"0,39%",1
,06/17/2021,69,"69,69",Si,"73,48","5,44%",69,"-0,99%",,"73,14","4,95%","-0,95%",Si,13446010,Si,"8,76%",286%,73%,"1,00",1,"2,92%",1
,06/16/2021,"70,54","71,25",Si,"71,6","0,50%","68,7","-3,57%",,"69,66","-2,23%","0,00%",No,11123040,Si,"-10,03%",-65%,1%,"0,00",0,"-2,50%",0
,06/15/2021,"68,79","69,48",Si,"71,3","2,62%","68,08","-2,01%",,"70,54","1,53%","0,17%",Si,20100530,Si,"62,59%",86%,45%,"1,00",0,"1,53%",1
,06/14/2021,"68,5","69,19",Si,70,"1,18%","67,95","-1,79%",0,"68,67","-0,74%","0,47%",Si,8206778,Si,"-33,62%",-16%,51%,"1,00",0,"-0,74%",0
,06/11/2021,"68,2","68,88",Si,"69,08","0,29%","67,89","-1,44%",,"68,18","-1,02%","-0,07%",No,7284927,Si,"-41,07%",-80%,60%,"1,00",0,"-1,02%",0
,06/10/2021,"66,36","67,02",Si,"68,42","2,08%","66,07","-1,42%",,"68,25","1,83%","0,36%",Si,7729478,Si,"-37,48%",48%,61%,"1,00",0,"1,83%",1
,06/09/2021,"66,04","66,70",Si,"67,59","1,33%","65,93","-1,16%",,"66,12","-0,87%","0,00%",Si,7873038,Si,"-36,32%",-5%,68%,"1,00",0,"-0,87%",0
,06/08/2021,66,"66,66",Si,"68,11","2,18%","65,55","-1,67%",,"66,04","-0,93%","0,87%",Si,9752005,Si,"-21,12%",54%,54%,"1,00",0,"-0,93%",0
,06/07/2021,"62,88","63,51",Si,"65,46","3,07%","62,02","-2,34%",,"65,43","3,03%","-0,02%",Si,7293055,Si,"-41,01%",118%,35%,"1,00",1,"2,92%",1
,06/04/2021,"63,05","63,68",Si,"63,69","0,01%","62,63","-1,65%",0,"62,89","-1,24%","0,70%",No,4927450,No,"-60,14%",-99%,55%,"1,00",0,"-1,24%",0
,06/03/2021,"63,7","64,34",Si,"64,33","-0,01%","62,42","-2,98%",,"62,61","-2,68%","-0,58%",No,5534876,Si,"-55,23%",-101%,18%,"0,00",0,"-2,50%",0
,06/02/2021,"64,39","65,03",Si,"64,48","-0,85%","63,19","-2,84%",,"64,07","-1,48%","0,03%",No,7326381,Si,"-40,74%",-160%,22%,"0,00",0,"-2,50%",0
,06/01/2021,66,"66,66",Si,"66,63","-0,05%","63,88","-4,17%","-0,67%","64,37","-3,44%","1,07%",No,6973381,Si,"-43,59%",-103%,-15%,"0,00",0,"-2,50%",0
,05/28/2021,"64,75","65,40",Si,"65,85","0,69%","64,46","-1,43%",,"65,3","-0,15%","0,70%",No,9627841,Si,"-22,12%",-51%,60%,"1,00",0,"-0,15%",0
,05/27/2021,63,"63,63",Si,"64,7","1,68%","62,06","-2,47%",,"64,3","1,05%","0,10%",Si,9377688,Si,"-24,15%",19%,32%,"1,00",0,"1,05%",1
,05/26/2021,"62,23","62,85",Si,"63,46","0,97%","60,84","-3,20%",,"62,94","0,14%","-2,40%",No,12483300,Si,"0,97%",-31%,12%,"0,00",0,"-2,50%",0
,05/25/2021,"63,13","63,76",Si,"64,52","1,19%","62,75","-1,59%",,"63,76","0,00%","0,35%",Si,8825520,Si,"-28,61%",-16%,56%,"1,00",0,"0,00%",0
,05/24/2021,"61,26","61,87",Si,"63,52","2,66%","60,77","-1,78%",,"62,91","1,68%","0,66%",Si,7441241,Si,"-39,81%",89%,51%,"1,00",0,"1,68%",1
,05/21/2021,"61,42","62,03",Si,"61,98","-0,09%","60,48","-2,51%",,"60,86","-1,89%","0,13%",No,8880344,Si,"-28,17%",-106%,31%,"0,00",0,"-2,50%",0
,05/20/2021,"58,72","59,31",Si,"61,83","4,25%","58,72","-0,99%",,"61,34","3,43%","0,15%",Si,13620680,Si,"10,17%",202%,73%,"1,00",1,"2,92%",1
,05/19/2021,"56,64","57,21",Si,"58,7","2,61%","56,13","-1,88%",0,"58,63","2,49%","-2,81%",Si,7106627,Si,"-42,52%",85%,48%,"1,00",0,"2,49%",1
,05/18/2021,"58,94","59,53",Si,"60,08","0,92%","58,16","-2,30%",,"58,28","-2,10%","1,45%",No,7765460,Si,"-37,19%",-34%,37%,"1,00",0,"-2,10%",0
,05/17/2021,"57,5","58,08",Si,"58,13","0,09%","56,34","-2,99%",,"58,1","0,04%","-0,95%",No,7421065,Si,"-39,97%",-93%,18%,"0,00",0,"-2,50%",0
,05/14/2021,"55,85","56,41",Si,"58,3","3,35%","55,58","-1,47%",,"58,05","2,91%","0,72%",Si,9818642,Si,"-20,58%",138%,59%,"1,00",1,"2,92%",1
,05/13/2021,"57,73","58,31",Si,"57,8","-0,87%","53,94","-7,49%",,"55,45","-4,90%","1,07%",No,13914470,Si,"12,55%",-162%,-107%,"0,00",0,"-2,50%",0
,05/12/2021,"58,44","59,02",Si,"59,41","0,65%","55,25","-6,39%",,"57,12","-3,23%","-2,13%",No,15598580,Si,"26,17%",-54%,-76%,"0,00",0,"-2,50%",0
,05/11/2021,"55,86","56,42",Si,"60,34","6,95%","55,6","-1,45%",0,"59,71","5,83%","-4,28%",Si,16676680,Si,"34,89%",394%,60%,"1,00",1,"2,92%",1
,05/10/2021,"58,51","59,10",Si,"60,14","1,77%","57,19","-3,22%",,"58,36","-1,24%","-2,26%",Si,17872210,Si,"44,56%",26%,11%,"0,00",0,"-2,50%",0
,05/07/2021,"60,1","60,70",Si,"61,33","1,04%","58,91","-2,95%",,"59,86","-1,39%","1,49%",No,15522420,Si,"25,56%",-26%,19%,"0,00",0,"-2,50%",0
,05/06/2021,"61,04","61,65",Si,"61,08","-0,93%","57,05","-7,46%",,"59,22","-3,94%","-1,28%",No,25708570,Si,"107,95%",-166%,-106%,"0,00",0,"-2,50%",0
,05/05/2021,"62,9","63,53",Si,"63,12","-0,64%","61,25","-3,59%",,"61,83","-2,67%","0,96%",No,8220814,Si,"-33,50%",-146%,1%,"0,00",0,"-2,50%",0
,05/04/2021,"62,93","63,56",Si,"63,22","-0,53%","59,85","-5,84%",,"62,3","-1,98%","-1,22%",No,21606000,Si,"74,77%",-138%,-61%,"0,00",0,"-2,50%",0
,05/03/2021,"66,71","67,38",Si,"67,37","-0,01%","63,25","-6,13%",,"63,71","-5,44%","0,51%",No,15241910,Si,"23,29%",-101%,-69%,"0,00",0,"-2,50%",0
,04/30/2021,"66,92","67,59",Si,"67,41","-0,27%","65,81","-2,63%",,"66,37","-1,80%","-1,89%",No,14473310,Si,"17,07%",-119%,27%,"0,00",0,"-2,50%",0
,04/29/2021,"67,11","67,78",Si,"68,4","0,91%","65,36","-3,57%",,"68,21","0,63%","1,18%",No,21440340,Si,"73,43%",-35%,1%,"0,00",0,"-2,50%",0
,04/28/2021,"69,19","69,88",Si,"69,67","-0,30%","65,83","-5,80%",,"66,33","-5,08%","-10,81%",No,60523540,Si,"389,56%",-122%,-60%,"0,00",0,"-2,50%",0
,04/27/2021,"76,39","77,15",Si,"78,63","1,91%","75,95","-1,56%",,"77,58","0,55%","-0,44%",Si,19171820,Si,"55,08%",36%,57%,"1,00",0,"0,55%",1
,04/26/2021,"74,89","75,64",Si,"76,74","1,46%","74,13","-1,99%",0,"76,73","1,44%","-0,13%",Si,9903907,Si,"-19,89%",3%,45%,"1,00",0,"1,44%",1
,04/23/2021,"74,97","75,72",Si,"75,89","0,22%","72,35","-4,45%",,"74,99","-0,96%","4,14%",No,14238360,Si,"15,17%",-84%,-23%,"0,00",0,"-2,50%",0
,04/22/2021,"73,97","74,71",Si,"74,22","-0,66%","71,43","-4,39%",,"71,99","-3,64%","2,01%",No,11826400,Si,"-4,34%",-147%,-21%,"0,00",0,"-2,50%",0
,04/21/2021,"70,86","71,57",Si,"72,94","1,92%","69,85","-2,40%",,"72,51","1,32%","-0,64%",Si,9923521,Si,"-19,73%",36%,34%,"1,00",0,"1,32%",1
,04/20/2021,"73,79","74,53",Si,"74,24","-0,39%","70,65","-5,20%",,"71,32","-4,30%","-0,16%",No,10904780,Si,"-11,79%",-127%,-43%,"0,00",0,"-2,50%",0
,04/19/2021,"75,6","76,36",Si,"75,79","-0,74%","71,51","-6,35%",,"73,91","-3,20%","-0,81%",No,16896970,Si,"36,67%",-153%,-75%,"0,00",0,"-2,50%",0
,04/16/2021,"84,09","84,93",Si,"84,09","-0,99%","75,31","-11,33%",,"76,22","-10,26%","-0,40%",No,35050410,Si,"183,51%",-170%,-212%,"0,00",0,"-2,50%",0
,04/15/2021,"84,84","85,69",Si,"85,16","-0,62%","83,3","-2,79%",,"84,43","-1,47%","1,62%",No,7782747,Si,"-37,05%",-144%,23%,"0,00",0,"-2,50%",0
,04/14/2021,"84,66","85,51",Si,"88,83","3,89%","82,97","-2,97%",,"83,49","-2,36%","0,91%",Si,9401975,Si,"-23,95%",176%,18%,"0,00",1,"-2,50%",0
,04/13/2021,"84,46","85,30",Si,"84,61","-0,81%","82,45","-3,35%",,"83,9","-1,65%","0,57%",No,7394588,Si,"-40,19%",-158%,8%,"0,00",0,"-2,50%",0
,04/12/2021,85,"85,85",Si,85,"-0,99%","81,54","-5,02%",,"83,98","-2,18%","-0,62%",No,8729965,Si,"-29,39%",-170%,-38%,"0,00",0,"-2,50%",0
,04/09/2021,"85,26","86,11",Si,"86,09","-0,03%","83,13","-3,46%",,"85,53","-0,68%","-0,84%",No,8565418,Si,"-30,72%",-102%,4%,"0,00",0,"-2,50%",0
,04/08/2021,"84,99","85,84",Si,"86,11","0,31%","83,92","-2,24%",,"85,98","0,16%","1,42%",No,8559732,Si,"-30,76%",-78%,38%,"1,00",0,"0,16%",1
,04/07/2021,"82,59","83,42",Si,"85,55","2,56%","82,01","-1,69%",,"83,8","0,46%","-0,84%",Si,9861075,Si,"-20,24%",82%,54%,"1,00",0,"0,46%",1
,04/06/2021,"80,64","81,45",Si,"84,37","3,59%","80,43","-1,25%",,"83,29","2,26%","1,40%",No,12118560,Si,"-1,98%",155%,66%,"1,00",1,"2,92%",1
,04/05/2021,"79,37","80,16",Si,"80,3","0,17%","77,83","-2,91%",,"79,53","-0,79%","2,11%",No,11123110,Si,"-10,03%",-88%,20%,"0,00",0,"-2,50%",0
,04/01/2021,"75,77","76,53",Si,"78,67","2,80%","75,77","-0,99%",,"77,73","1,57%","2,35%",No,11505090,Si,"-6,94%",99%,73%,"1,00",0,"1,57%",1
,03/31/2021,"70,29","70,99",Si,"74,66","5,17%","70,18","-1,15%",,"74,03","4,28%","1,41%",No,9376697,Si,"-24,15%",267%,68%,"1,00",1,"2,92%",1
,03/30/2021,"68,72","69,41",Si,"70,74","1,92%","68,32","-1,57%",0,"69,31","-0,14%","-0,95%",Si,7232683,Si,"-41,50%",36%,57%,"1,00",0,"-0,14%",0
,03/29/2021,"68,84","69,53",Si,"69,84","0,45%","67,53","-2,87%",,"69,38","-0,21%","-0,33%",No,9408222,Si,"-23,90%",-68%,21%,"0,00",0,"-2,50%",0
,03/26/2021,"68,92","69,61",Si,"69,76","0,22%","66,82","-4,01%","-0,51%","69,07","-0,77%","1,04%",No,10368290,Si,"-16,13%",-85%,-11%,"0,00",0,"-2,50%",0
,03/25/2021,"66,38","67,04",Si,"68,91","2,78%","65,5","-2,30%",,"68,21","1,74%","-4,63%",Si,11397180,Si,"-7,81%",98%,36%,"1,00",0,"1,74%",1
,03/24/2021,"71,95","72,67",Si,"72,72","0,07%","69,2","-4,77%",,"69,6","-4,22%","1,00%",No,10598360,Si,"-14,27%",-95%,-32%,"0,00",0,"-2,50%",0
,03/23/2021,"72,02","72,74",Si,"72,09","-0,89%","70,6","-2,94%",,"71,24","-2,06%","-0,46%",No,9351367,Si,"-24,36%",-163%,19%,"0,00",0,"-2,50%",0
,03/22/2021,"71,8","72,52",Si,"73,25","1,01%","70,11","-3,32%",,"72,35","-0,23%","-1,66%",Si,14628770,Si,"18,33%",-28%,8%,"0,00",0,"-2,50%",0
,03/19/2021,"69,41","70,10",Si,"73,23","4,46%","69,4","-1,00%",0,"73,01","4,15%","0,03%",Si,14247480,Si,"15,24%",217%,72%,"1,00",1,"2,92%",1
,03/18/2021,"74,05","74,79",Si,"74,33","-0,62%","69,11","-7,60%",,"69,39","-7,22%","-1,20%",No,13566730,Si,"9,74%",-144%,-109%,"0,00",0,"-2,50%",0
,03/17/2021,"72,4","73,12",Si,"75,63","3,43%",71,"-2,90%",0,"74,95","2,50%","-1,88%",Si,10055300,Si,"-18,67%",143%,20%,"0,00",1,"-2,50%",0
,03/16/2021,"73,99","74,73",Si,"75,1","0,50%","72,51","-2,97%",,"73,79","-1,26%","1,65%",No,10032090,Si,"-18,85%",-65%,18%,"0,00",0,"-2,50%",0
,03/15/2021,"72,3","73,02",Si,"72,79","-0,32%","70,1","-4,00%",,"72,79","-0,32%","0,77%",No,7318664,Si,"-40,80%",-123%,-10%,"0,00",0,"-2,50%",0
,03/12/2021,"68,81","69,50",Si,"71,76","3,25%","67,7","-2,59%",,"71,75","3,24%","-4,27%",Si,9360397,Si,"-24,29%",131%,29%,"0,00",1,"-2,50%",0
,03/11/2021,"71,89","72,61",Si,"72,28","-0,45%","69,53","-4,24%",,"71,88","-1,00%","4,23%",No,10089280,Si,"-18,39%",-132%,-17%,"0,00",0,"-2,50%",0
,03/10/2021,"68,71","69,40",Si,"70,8","2,02%","67,21","-3,15%",,"68,97","-0,62%","1,82%",No,14304030,Si,"15,70%",44%,13%,"0,00",0,"-2,50%",0
,03/09/2021,"67,03","67,70",Si,"67,89","0,28%","64,4","-4,87%",,"67,48","-0,33%","7,27%",No,13599230,Si,"10,00%",-80%,-34%,"0,00",0,"-2,50%",0
,03/08/2021,"68,55","69,24",Si,"69,67","0,63%","62,31","-10,00%",,"62,49","-9,74%","0,60%",No,15086480,Si,"22,03%",-55%,-176%,"0,00",0,"-2,50%",0
,03/05/2021,70,"70,70",Si,"70,44","-0,37%","60,33","-14,67%",,"68,14","-3,62%","1,69%",No,22084570,Si,"78,64%",-126%,-305%,"0,00",0,"-2,50%",0
,03/04/2021,"73,01","73,74",Si,"74,23","0,66%","66,3","-10,09%",,"68,84","-6,65%","-1,86%",No,22917390,Si,"85,37%",-53%,-178%,"0,00",0,"-2,50%",0
,03/03/2021,"81,17","81,98",Si,"81,71","-0,33%","73,01","-10,94%",,"74,39","-9,26%","0,00%",No,13224570,Si,"6,97%",-124%,-202%,"0,00",0,"-2,50%",0
,03/02/2021,"84,21","85,05",Si,"85,1","0,06%","80,28","-5,61%",,"81,17","-4,56%","1,07%",No,8978761,Si,"-27,37%",-96%,-55%,"0,00",0,"-2,50%",0
,03/01/2021,"82,57","83,40",Si,"83,47","0,09%","80,9","-2,99%",,"83,32","-0,09%","2,47%",No,8099103,Si,"-34,49%",-94%,17%,"0,00",0,"-2,50%",0
,02/26/2021,"80,26","81,06",Si,"81,59","0,65%","76,39","-5,76%",,"80,58","-0,60%","1,45%",No,14156070,Si,"14,50%",-54%,-59%,"0,00",0,"-2,50%",0
,02/25/2021,"85,57","86,43",Si,"86,5","0,09%","78,69","-8,95%",,"79,11","-8,46%","1,66%",No,11514420,Si,"-6,86%",-94%,-147%,"0,00",0,"-2,50%",0
,02/24/2021,"83,85","84,69",Si,"85,4","0,84%","81,52","-3,74%","-0,24%","84,17","-0,61%","-0,84%",No,8856352,Si,"-28,36%",-40%,-3%,"0,00",0,"-2,50%",0
,02/23/2021,"74,35","75,09",Si,"84,93","13,10%","70,6","-5,98%","-2,49%","84,56","12,61%","-8,20%",Si,20293570,Si,"64,15%",830%,-65%,"0,00",1,"-2,50%",0
,02/22/2021,85,"85,85",Si,"86,83","1,14%","80,44","-6,30%",,"80,99","-5,66%","-1,05%",Si,10141110,Si,"-17,97%",-19%,-74%,"0,00",0,"-2,50%",0
,02/19/2021,"87,41","88,28",Si,"88,29","0,01%","85,43","-3,23%",,"85,9","-2,70%","1,65%",No,7056259,Si,"-42,92%",-100%,11%,"0,00",0,"-2,50%",0
,02/18/2021,"85,31","86,16",Si,"86,8","0,74%","83,66","-2,91%",,"85,99","-0,20%","-1,15%",No,9162488,Si,"-25,89%",-48%,20%,"0,00",0,"-2,50%",0
,02/17/2021,"87,06","87,93",Si,"87,45","-0,55%","83,63","-4,89%",,"86,3","-1,85%","-2,34%",No,10418460,Si,"-15,73%",-139%,-35%,"0,00",0,"-2,50%",0
,02/16/2021,"86,55","87,42",Si,"89,9","2,84%","86,49","-1,06%",,"89,15","1,98%","2,99%",No,19279120,Si,"55,94%",102%,71%,"1,00",0,"1,98%",1
,02/12/2021,"86,66","87,53",Si,"86,98","-0,62%","83,63","-4,45%","-0,96%","84,04","-3,98%","-0,43%",No,11050200,Si,"-10,62%",-144%,-23%,"0,00",0,"-2,50%",0
,02/11/2021,"85,7","86,56",Si,"87,37","0,94%","83,5","-3,53%",,"87,03","0,55%","5,65%",No,31105330,Si,"151,60%",-33%,3%,"0,00",0,"-2,50%",0
,02/10/2021,"80,91","81,72",Si,"82,49","0,94%","78,53","-3,90%",,"81,12","-0,73%","1,89%",No,13038490,Si,"5,46%",-33%,-8%,"0,00",0,"-2,50%",0
,02/09/2021,"79,45","80,24",Si,"81,7","1,81%","79,03","-1,51%",,"79,41","-1,04%","-0,45%",Si,12494400,Si,"1,06%",29%,58%,"1,00",0,"-1,04%",0
,02/08/2021,"81,43","82,24",Si,"81,8","-0,54%","77,94","-5,23%",,"79,81","-2,96%","-0,65%",No,23309600,Si,"88,54%",-138%,-44%,"0,00",0,"-2,50%",0
,02/05/2021,"86,2","87,06",Si,"86,49","-0,66%","79,7","-8,46%",,"81,96","-5,86%","10,74%",No,46113090,Si,"273,00%",-147%,-133%,"0,00",0,"-2,50%",0
,02/04/2021,"78,78","79,57",Si,"79,15","-0,53%","75,05","-5,68%","-2,18%","77,84","-2,17%","2,13%",No,26599530,Si,"115,16%",-137%,-57%,"0,00",0,"-2,50%",0
,02/03/2021,76,"76,76",Si,"77,98","1,59%","73,03","-4,86%",,"77,14","0,50%","2,88%",No,16319240,Si,"32,00%",13%,-34%,"0,00",0,"-2,50%",0
,02/02/2021,"72,48","73,20",Si,"74,13","1,26%","71,37","-2,51%",,"73,87","0,91%","2,49%",No,10042930,Si,"-18,77%",-10%,31%,"0,00",0,"-2,50%",0
,02/01/2021,"69,61","70,31",Si,"71,99","2,40%","68,55","-2,50%",,"70,72","0,59%","1,61%",No,9755809,Si,"-21,09%",70%,31%,"0,00",0,"-2,50%",0
,01/29/2021,68,"68,68",Si,"69,25","0,83%","65,91","-4,03%",,"68,51","-0,25%","-0,74%",No,11215380,Si,"-9,28%",-41%,-11%,"0,00",0,"-2,50%",0
,01/28/2021,"67,32","67,99",Si,"69,29","1,91%","66,01","-2,92%",,"68,51","0,76%","4,10%",No,11665370,Si,"-5,64%",35%,20%,"0,00",0,"-2,50%",0
,01/27/2021,"65,52","66,18",Si,"68,87","4,07%","62,15","-6,08%",,"64,67","-2,27%","-5,37%",Si,17567240,Si,"42,10%",189%,-68%,"0,00",1,"-2,50%",0
,01/26/2021,"73,65","74,39",Si,"74,04","-0,47%","68,57","-7,82%",,"69,24","-6,92%","0,38%",No,16432500,Si,"32,92%",-133%,-116%,"0,00",0,"-2,50%",0
,01/25/2021,"74,46","75,20",Si,"75,07","-0,18%","68,61","-8,77%",,"73,37","-2,44%","1,89%",No,13803010,Si,"11,65%",-113%,-142%,"0,00",0,"-2,50%",0
,01/22/2021,"73,52","74,26",Si,"75,4","1,54%","72,9","-1,83%",,"73,08","-1,58%","0,00%",Si,10136620,Si,"-18,01%",9%,50%,"1,00",0,"-1,58%",0
,01/21/2021,"74,2","74,94",Si,"74,46","-0,64%","72,21","-3,65%",,"73,52","-1,90%","2,15%",No,9567874,Si,"-22,61%",-146%,-1%,"0,00",0,"-2,50%",0
,01/20/2021,72,"72,72",Si,"73,02","0,41%","69,58","-4,32%",,"72,64","-0,11%","1,39%",No,6938725,Si,"-43,87%",-71%,-19%,"0,00",0,"-2,50%",0
,01/19/2021,"71,75","72,47",Si,"71,95","-0,71%","69,58","-3,98%",,"71,01","-2,01%","2,87%",No,6820138,Si,"-44,83%",-151%,-10%,"0,00",0,"-2,50%",0
,01/15/2021,"71,39","72,10",Si,"71,85","-0,35%","68,92","-4,42%",,"69,75","-3,26%","0,61%",No,8872256,Si,"-28,23%",-125%,-22%,"0,00",0,"-2,50%",0
,01/14/2021,"73,45","74,18",Si,"76,25","2,78%","70,41","-5,09%",,"70,96","-4,35%","0,95%",Si,13110370,Si,"6,05%",98%,-40%,"0,00",0,"-2,50%",0
,01/13/2021,76,"76,76",Si,"76,88","0,16%","72,7","-5,29%",,"72,76","-5,21%","1,24%",No,9793845,Si,"-20,78%",-89%,-46%,"0,00",0,"-2,50%",0
,01/12/2021,"71,17","71,88",Si,"75,07","4,44%","71,17","-0,99%",0,"75,07","4,44%","-0,74%",Si,8941025,Si,"-27,68%",215%,73%,"1,00",1,"2,92%",1
,01/11/2021,"70,81","71,52",Si,"72,89","1,92%","69,02","-3,49%",0,"71,7","0,25%","-1,47%",Si,7812810,Si,"-36,80%",36%,4%,"0,00",0,"-2,50%",0
,01/08/2021,"72,2","72,92",Si,"73,57","0,89%","69,5","-4,69%",,"71,87","-1,44%","1,15%",No,9102494,Si,"-26,37%",-37%,-29%,"0,00",0,"-2,50%",0
,01/07/2021,"67,71","68,39",Si,"71,41","4,42%","67,71","-0,99%",,"71,38","4,38%","0,89%",Si,9870716,Si,"-20,16%",214%,73%,"1,00",1,"2,92%",1
,01/06/2021,"66,03","66,69",Si,"68,34","2,47%","64,74","-2,92%",0,"67,11","0,63%","-3,49%",Si,9518536,Si,"-23,01%",76%,19%,"0,00",0,"-2,50%",0
,01/05/2021,"67,92","68,60",Si,"69,41","1,18%","67,45","-1,68%",0,"68,42","-0,26%","-0,22%",Si,6482316,Si,"-47,57%",-16%,54%,"1,00",0,"-0,26%",0
,01/04/2021,66,"66,66",Si,"69,67","4,52%","64,5","-3,24%",,"68,07","2,12%","0,15%",Si,12825680,Si,"3,74%",221%,11%,"0,00",1,"-2,50%",0
,12/31/2020,"67,31","67,98",Si,"67,55","-0,64%","65,45","-3,73%",,"65,9","-3,06%","0,25%",No,6583325,Si,"-46,75%",-145%,-3%,"0,00",0,"-2,50%",0
,12/30/2020,"68,33","69,01",Si,"68,53","-0,70%","65,92","-4,48%",,"67,14","-2,71%","0,06%",No,8638967,Si,"-30,12%",-150%,-24%,"0,00",0,"-2,50%",0
,12/29/2020,"68,01","68,69",Si,"69,51","1,19%","66,6","-3,04%",,"68,29","-0,58%","0,32%",Si,6939399,Si,"-43,87%",-15%,16%,"0,00",0,"-2,50%",0
,12/28/2020,72,"72,72",Si,"72,48","-0,33%","66,65","-8,35%",,"67,79","-6,78%","1,35%",No,8081245,Si,"-34,63%",-123%,-130%,"0,00",0,"-2,50%",0
,12/24/2020,73,"73,73",Si,"73,41","-0,43%","70,32","-4,62%",,"71,04","-3,65%","0,01%",No,4552299,No,"-63,18%",-131%,-28%,"0,00",0,"-2,50%",0
,12/23/2020,73,"73,73",Si,"75,44","2,32%","72,65","-1,46%",,"72,99","-1,00%","0,90%",Si,11107160,Si,"-10,16%",65%,60%,"1,00",0,"-1,00%",0
,12/22/2020,"70,29","70,99",Si,"72,42","2,01%","69,35","-2,31%",,"72,35","1,91%","0,63%",Si,9159940,Si,"-25,91%",43%,36%,"1,00",0,"1,91%",1
,12/21/2020,"69,61","70,31",Si,"71,63","1,88%","68,35","-2,78%",0,"69,85","-0,65%","-1,07%",Si,12656170,Si,"2,37%",34%,23%,"0,00",0,"-2,50%",0
,12/18/2020,"71,59","72,31",Si,"71,8","-0,70%","69,81","-3,45%",,"70,36","-2,69%","0,83%",No,12822060,Si,"3,71%",-150%,5%,"0,00",0,"-2,50%",0
,12/17/2020,"71,7","72,42",Si,"72,68","0,36%","70,1","-3,20%",,71,"-1,96%","2,04%",No,10128160,Si,"-18,08%",-74%,12%,"0,00",0,"-2,50%",0
,12/16/2020,"70,98","71,69",Si,"71,57","-0,17%","68,68","-4,20%",,"70,27","-1,98%","0,38%",No,7565795,Si,"-38,80%",-112%,-16%,"0,00",0,"-2,50%",0
,12/15/2020,"70,36","71,06",Si,"70,99","-0,10%","68,95","-2,97%",,"70,71","-0,50%","0,82%",No,6432744,Si,"-47,97%",-107%,18%,"0,00",0,"-2,50%",0
,12/14/2020,"72,17","72,89",Si,"72,18","-0,98%","69,52","-4,63%","-1,13%","69,79","-4,26%","1,46%",No,6879847,Si,"-44,35%",-169%,-28%,"0,00",0,"-2,50%",0
,12/11/2020,"71,25","71,96",Si,"72,88","1,27%","69,27","-3,74%",,"71,13","-1,16%","-0,54%",Si,6914732,Si,"-44,07%",-9%,-3%,"0,00",0,"-2,50%",0
,12/10/2020,"67,78","68,46",Si,"71,91","5,04%","66,6","-2,71%",,"71,64","4,65%","-1,01%",Si,8500912,Si,"-31,24%",258%,25%,"0,00",1,"-2,50%",0
,12/09/2020,"69,9","70,60",Si,"72,72","3,00%","67,45","-4,46%",,"68,47","-3,02%","-0,03%",Si,10697450,Si,"-13,47%",113%,-23%,"0,00",1,"-2,50%",0
,12/08/2020,"70,25","70,95",Si,"70,8","-0,21%","68,42","-3,57%",,"69,92","-1,46%","-0,09%",No,6097523,Si,"-50,68%",-115%,2%,"0,00",0,"-2,50%",0
,12/07/2020,"68,28","68,96",Si,"70,91","2,82%","67,91","-1,53%",,"70,31","1,95%","1,44%",No,9412520,Si,"-23,86%",100%,58%,"1,00",0,"1,95%",1
,12/04/2020,"70,14","70,84",Si,"70,25","-0,83%","66,79","-5,72%","-2,22%","67,31","-4,98%","0,63%",No,9515586,Si,"-23,03%",-159%,-58%,"0,00",0,"-2,50%",0
,12/03/2020,"68,47","69,15",Si,"71,37","3,20%",68,"-1,67%",,"69,7","0,79%","0,68%",Si,10601600,Si,"-14,25%",127%,54%,"1,00",1,"2,92%",1
,12/02/2020,"67,5","68,18",Si,"68,45","0,40%","65,01","-4,64%","-1,15%","68,01","-0,24%","-1,04%",No,6581851,Si,"-46,76%",-71%,-28%,"0,00",0,"-2,50%",0
,12/01/2020,"70,91","71,62",Si,"71,1","-0,72%","67,43","-5,85%",,"68,21","-4,76%","1,27%",No,8270580,Si,"-33,10%",-151%,-61%,"0,00",0,"-2,50%",0
,11/30/2020,"70,25","70,95",Si,"70,63","-0,45%","65,75","-7,33%",,"70,02","-1,31%","0,76%",No,15082940,Si,"22,00%",-132%,-102%,"0,00",0,"-2,50%",0
,11/27/2020,"68,12","68,80",Si,"70,11","1,90%","66,89","-2,78%",,"69,72","1,34%","1,04%",No,8459216,Si,"-31,58%",35%,23%,"0,00",0,"-2,50%",0
,11/25/2020,"64,26","64,90",Si,"67,74","4,37%","64,1","-1,24%",,"67,42","3,88%","0,36%",Si,10654980,Si,"-13,81%",210%,66%,"1,00",1,"2,92%",1
,11/24/2020,"65,88","66,54",Si,"65,88","-0,99%","62,43","-6,18%","-2,68%","64,03","-3,77%","0,14%",No,13584600,Si,"9,88%",-170%,-70%,"0,00",0,"-2,50%",0
,11/23/2020,"67,6","68,28",Si,"68,1","-0,26%","63,64","-6,79%","-3,29%","65,79","-3,64%","1,12%",No,12945180,Si,"4,71%",-118%,-87%,"0,00",0,"-2,50%",0
,11/20/2020,"66,5","67,17",Si,"67,6","0,65%","66,15","-1,51%",,"66,85","-0,47%","0,83%",No,7789659,Si,"-36,99%",-54%,58%,"1,00",0,"-0,47%",0
,11/19/2020,"64,97","65,62",Si,"67,19","2,39%","64,79","-1,26%",0,"65,95","0,50%","0,81%",Si,10876230,Si,"-12,03%",70%,65%,"1,00",0,"0,50%",1
,11/18/2020,"63,4","64,03",Si,"65,28","1,95%","62,7","-2,08%",0,"64,45","0,65%","0,08%",Si,9875878,Si,"-20,12%",38%,43%,"1,00",0,"0,65%",1
,11/17/2020,"62,47","63,09",Si,"64,12","1,63%","61,81","-2,04%",,"63,35","0,40%","-0,24%",Si,9239930,Si,"-25,26%",15%,44%,"1,00",0,"0,40%",1
,11/16/2020,"61,48","62,09",Si,"62,65","0,89%","59,12","-4,79%","-1,29%","62,62","0,85%","-1,35%",No,11595910,Si,"-6,20%",-37%,-32%,"0,00",0,"-2,50%",0
,11/13/2020,"61,19","61,80",Si,"62,63","1,34%","60,08","-2,79%",,"62,32","0,84%","1,54%",No,11999520,Si,"-2,94%",-5%,23%,"0,00",0,"-2,50%",0
,11/12/2020,"59,26","59,85",Si,"60,93","1,80%","58,53","-2,21%",,"60,26","0,68%","-0,49%",Si,12955090,Si,"4,79%",28%,39%,"1,00",0,"0,68%",1
,11/11/2020,"56,4","56,96",Si,"59,99","5,31%","56,35","-1,08%",,"59,55","4,54%","1,31%",No,15981420,Si,"29,27%",277%,70%,"1,00",1,"2,92%",1
,11/10/2020,57,"57,57",Si,"57,15","-0,73%","52,06","-9,57%",,"55,67","-3,30%","-1,30%",No,22938920,Si,"85,55%",-152%,-164%,"0,00",0,"-2,50%",0
,11/09/2020,61,"61,61",Si,"61,75","0,23%","57,38","-6,87%",,"57,75","-6,27%","-5,78%",No,19633420,Si,"58,81%",-84%,-89%,"0,00",0,"-2,50%",0
,11/06/2020,"63,32","63,95",Si,"65,47","2,37%","62,05","-2,98%",0,"64,74","1,23%","-0,24%",Si,12283910,Si,"-0,64%",68%,18%,"0,00",0,"-2,50%",0
,11/05/2020,"62,8","63,43",Si,"63,73","0,48%","61,51","-3,02%",,"63,47","0,07%","2,20%",No,15673030,Si,"26,77%",-66%,17%,"0,00",0,"-2,50%",0
,11/04/2020,"60,08","60,68",Si,"61,92","2,04%","59,33","-2,23%",,"61,45","1,27%","0,84%",Si,21601330,Si,"74,73%",45%,39%,"1,00",0,"1,27%",1
,11/03/2020,"58,71","59,30",Si,"59,94","1,08%","57,77","-2,58%",,"59,58","0,48%","0,57%",Si,20781840,Si,"68,10%",-23%,29%,"0,00",0,"-2,50%",0
,11/02/2020,59,"59,59",Si,"59,77","0,30%","56,31","-5,50%",,"58,38","-2,03%","0,08%",No,36422150,Si,"194,61%",-79%,-52%,"0,00",0,"-2,50%",0
,10/30/2020,"61,11","61,72",Si,"61,75","0,05%","57,71","-6,50%",,"58,95","-4,49%","-2,24%",No,57147310,Si,"362,25%",-97%,-79%,"0,00",0,"-2,50%",0
,10/29/2020,64,"64,64",Si,"68,93","6,64%","61,12","-5,45%","-1,95%","62,51","-3,30%","29,95%",No,128101800,Si,"936,18%",371%,-50%,"0,00",1,"-2,50%",0
,10/28/2020,"50,02","50,52",Si,"50,7","0,36%","48,57","-3,86%",,"49,25","-2,51%","-4,76%",No,34013240,Si,"175,12%",-75%,-6%,"0,00",0,"-2,50%",0
,10/27/2020,51,"51,51",Si,"52,9","2,70%","50,19","-2,56%",,"52,52","1,96%","1,07%",No,17840670,Si,"44,31%",92%,29%,"0,00",0,"-2,50%",0
,10/26/2020,"53,45","53,98",Si,"53,87","-0,21%","49,1","-9,05%",,"50,46","-6,53%","0,85%",No,25385760,Si,"105,34%",-115%,-150%,"0,00",0,"-2,50%",0
,10/23/2020,"51,06","51,57",Si,"53,23","3,22%","49,63","-3,76%",,53,"2,77%","0,49%",Si,16705330,Si,"35,12%",128%,-4%,"0,00",1,"-2,50%",0
,10/22/2020,"50,35","50,85",Si,"51,23","0,74%","48,29","-5,04%",,"50,81","-0,09%","1,96%",No,15688120,Si,"26,90%",-47%,-39%,"0,00",0,"-2,50%",0
,10/21/2020,"49,4","49,89",Si,"52,05","4,32%","48,8","-2,19%",,"49,38","-1,03%","9,00%",No,45491460,Si,"267,97%",207%,40%,"1,00",1,"2,92%",1
,10/20/2020,"46,13","46,59",Si,"46,19","-0,86%","44,61","-4,25%",,"45,32","-2,73%","0,68%",No,11595280,Si,"-6,21%",-161%,-17%,"0,00",0,"-2,50%",0
,10/19/2020,"44,2","44,64",Si,"46,35","3,83%","44,06","-1,30%",,"45,82","2,64%","0,32%",Si,19387890,Si,"56,82%",172%,64%,"1,00",1,"2,92%",1
,10/16/2020,"45,16","45,61",Si,"45,7","0,19%","43,96","-3,62%",,"44,06","-3,40%","3,46%",No,10916180,Si,"-11,70%",-86%,0%,"0,00",0,"-2,50%",0
,10/15/2020,"43,33","43,76",Si,"43,79","0,06%","42,67","-2,50%",0,"43,65","-0,26%","-1,50%",No,9851919,Si,"-20,31%",-96%,31%,"0,00",0,"-2,50%",0
,10/14/2020,"44,48","44,92",Si,"44,64","-0,63%","43,57","-3,02%",,"43,99","-2,08%","0,75%",No,8352471,Si,"-32,44%",-145%,17%,"0,00",0,"-2,50%",0
,10/13/2020,"44,5","44,95",Si,"44,76","-0,41%","43,72","-2,73%",,"44,15","-1,77%","1,04%",No,9150951,Si,"-25,98%",-129%,25%,"0,00",0,"-2,50%",0
,10/12/2020,"44,5","44,95",Si,"45,84","1,99%","43,81","-2,53%",,"44,04","-2,01%","2,56%",No,16994870,Si,"37,47%",41%,30%,"0,00",0,"-2,50%",0
,10/09/2020,"44,02","44,46",Si,"44,58","0,27%","43,32","-2,56%",,"43,39","-2,41%","0,94%",No,11324630,Si,"-8,40%",-81%,29%,"0,00",0,"-2,50%",0
,10/08/2020,"44,05","44,49",Si,"44,09","-0,90%","43,07","-3,19%",,"43,61","-1,98%","1,59%",No,7737064,Si,"-37,42%",-164%,12%,"0,00",0,"-2,50%",0
,10/07/2020,"43,76","44,20",Si,"44,09","-0,24%","42,9","-2,94%",,"43,36","-1,90%","1,74%",No,9357668,Si,"-24,31%",-117%,19%,"0,00",0,"-2,50%",0
,10/06/2020,"43,86","44,30",Si,"44,51","0,48%","42,32","-4,47%","-0,97%","43,01","-2,91%","-0,48%",No,14583770,Si,"17,96%",-66%,-23%,"0,00",0,"-2,50%",0
,10/05/2020,"44,02","44,46",Si,"45,2","1,66%","43,15","-2,95%",,"44,07","-0,88%","0,46%",Si,18275310,Si,"47,82%",18%,19%,"0,00",0,"-2,50%",0
,10/02/2020,"43,2","43,63",Si,"44,8","2,68%","42,72","-2,09%",,"43,82","0,43%","-2,99%",Si,13603110,Si,"10,03%",90%,42%,"1,00",0,"0,43%",1
,10/01/2020,"42,29","42,71",Si,"44,7","4,65%","41,6","-2,61%",,"44,53","4,25%","1,88%",No,30647900,Si,"147,90%",230%,28%,"0,00",1,"-2,50%",0
,09/30/2020,"40,72","41,13",Si,"42,16","2,51%","40,63","-1,21%",,"41,51","0,93%","0,39%",Si,10862100,Si,"-12,14%",78%,67%,"1,00",0,"0,93%",1
,09/29/2020,"41,27","41,68",Si,"41,7","0,04%","40,5","-2,84%",,"40,56","-2,69%","0,71%",No,12238840,Si,"-1,00%",-97%,22%,"0,00",0,"-2,50%",0
,09/28/2020,"41,11","41,52",Si,"41,49","-0,07%","40,06","-3,52%","-0,02%","40,98","-1,30%","3,03%",No,12337120,Si,"-0,21%",-105%,3%,"0,00",0,"-2,50%",0
,09/25/2020,"38,76","39,15",Si,"39,96","2,08%","38,19","-2,45%",,"39,9","1,92%","0,70%",Si,9279392,Si,"-24,94%",47%,33%,"1,00",0,"1,92%",1
,09/24/2020,"39,17","39,56",Si,"39,8","0,60%","38,06","-3,80%","-0,30%","38,49","-2,71%","-0,96%",No,16381630,Si,"32,51%",-57%,-5%,"0,00",0,"-2,50%",0
,09/23/2020,"40,54","40,95",Si,"42,56","3,94%","39,27","-4,09%",,"39,55","-3,41%","-0,02%",Si,34574910,Si,"179,67%",180%,-13%,"0,00",1,"-2,50%",0
,09/22/2020,"37,41","37,78",Si,"40,59","7,43%","37,36","-1,12%",,"40,55","7,32%","1,46%",No,38464530,Si,"211,13%",427%,69%,"1,00",1,"2,92%",1
,09/21/2020,"36,16","36,52",Si,37,"1,31%","35,77","-2,06%",0,"36,87","0,95%","-1,95%",Si,11057560,Si,"-10,56%",-7%,43%,"1,00",0,"0,95%",1
,09/18/2020,"37,05","37,42",Si,"37,11","-0,83%","35,96","-3,90%",,"36,88","-1,44%","1,26%",No,23454470,Si,"89,72%",-159%,-8%,"0,00",0,"-2,50%",0
,09/17/2020,"35,98","36,34",Si,"37,58","3,41%","35,49","-2,34%",0,"36,59","0,69%","-3,10%",Si,11343650,Si,"-8,24%",142%,36%,"1,00",1,"2,92%",1
,09/16/2020,"37,88","38,26",Si,"37,9","-0,94%","36,59","-4,36%",,"37,13","-2,95%","0,72%",No,12867090,Si,"4,08%",-167%,-20%,"0,00",0,"-2,50%",0
,09/15/2020,"37,01","37,38",Si,"37,87","1,31%","36,31","-2,86%",,"37,61","0,62%","1,90%",No,13280180,Si,"7,42%",-7%,21%,"0,00",0,"-2,50%",0
,09/14/2020,"35,06","35,41",Si,"36,62","3,42%","34,91","-1,41%",,"36,32","2,57%","2,79%",No,12820360,Si,"3,70%",143%,61%,"1,00",1,"2,92%",1
,09/11/2020,"34,94","35,29",Si,"35,38","0,26%","33,17","-6,01%",,"34,11","-3,34%","0,72%",No,12322480,Si,"-0,33%",-82%,-66%,"0,00",0,"-2,50%",0
,09/10/2020,36,"36,36",Si,"36,88","1,43%","34,58","-4,90%",,"34,69","-4,59%","1,38%",No,9357269,Si,"-24,31%",2%,-35%,"0,00",0,"-2,50%",0
,09/09/2020,"34,62","34,97",Si,"35,91","2,70%","34,46","-1,45%",,"35,51","1,56%","1,73%",No,9472336,Si,"-23,38%",92%,60%,"1,00",0,"1,56%",1
,09/08/2020,"32,63","32,96",Si,"35,93","9,02%","32,49","-1,41%",,"34,03","3,26%","-5,09%",Si,13495550,Si,"9,16%",541%,61%,"1,00",1,"2,92%",1
,09/04/2020,"35,32","35,67",Si,"36,24","1,59%","32,84","-7,94%",,"34,38","-3,63%","-1,70%",Si,14820830,Si,"19,88%",13%,-119%,"0,00",0,"-2,50%",0
,09/03/2020,"37,8","38,18",Si,"37,97","-0,54%","35,41","-7,25%",,"35,93","-5,89%","-2,60%",No,16725610,Si,"35,29%",-139%,-100%,"0,00",0,"-2,50%",0
,09/02/2020,"39,04","39,43",Si,"39,64","0,53%","36,91","-6,39%","-2,90%","38,81","-1,57%","1,77%",No,15752400,Si,"27,42%",-62%,-76%,"0,00",0,"-2,50%",0
,09/01/2020,"36,87","37,24",Si,"38,67","3,84%","36,3","-2,52%",,"38,36","3,01%","0,22%",Si,20043420,Si,"62,13%",173%,30%,"0,00",1,"-2,50%",0
,08/31/2020,"35,42","35,77",Si,"37,11","3,73%","35,19","-1,63%",,"36,79","2,84%","0,23%",Si,17002860,Si,"37,53%",165%,55%,"1,00",1,"2,92%",1
,08/28/2020,"34,61","34,96",Si,"35,38","1,21%","33,95","-2,88%",,"35,34","1,10%","0,35%",Si,8025132,Si,"-35,09%",-14%,21%,"0,00",0,"-2,50%",0
,08/27/2020,"34,43","34,77",Si,"34,98","0,59%","33,61","-3,35%",,"34,49","-0,82%","0,35%",No,10750520,Si,"-13,04%",-58%,8%,"0,00",0,"-2,50%",0
,08/26/2020,"34,18","34,52",Si,"34,98","1,33%","33,8","-2,09%",,"34,31","-0,61%","0,32%",Si,9093651,Si,"-26,44%",-6%,42%,"1,00",0,"-0,61%",0
,08/25/2020,"33,16","33,49",Si,"34,31","2,44%","32,85","-1,92%",,"34,07","1,73%","0,79%",Si,9347023,Si,"-24,39%",74%,47%,"1,00",0,"1,73%",1
,08/24/2020,"33,95","34,29",Si,"34,14","-0,44%","32,51","-5,19%",,"32,9","-4,05%","-0,70%",No,16739800,Si,"35,40%",-131%,-43%,"0,00",0,"-2,50%",0
,08/21/2020,"34,55","34,90",Si,"34,75","-0,42%","33,58","-3,77%",,"34,19","-2,02%","0,14%",No,16864620,Si,"36,41%",-130%,-4%,"0,00",0,"-2,50%",0
,08/20/2020,"34,74","35,09",Si,"34,9","-0,53%","33,65","-4,10%",,"34,5","-1,67%","0,61%",No,12814990,Si,"3,66%",-138%,-13%,"0,00",0,"-2,50%",0
,08/19/2020,"35,79","36,15",Si,"38,23","5,76%","34,49","-4,59%",,"34,53","-4,48%","-0,53%",Si,29472920,Si,"138,40%",309%,-26%,"0,00",1,"-2,50%",0
,08/18/2020,"35,98","36,34",Si,"37,29","2,61%","35,18","-3,19%",,"35,98","-0,99%","2,77%",No,18262920,Si,"47,72%",86%,12%,"0,00",0,"-2,50%",0
,08/17/2020,"34,61","34,96",Si,"35,32","1,04%","34,19","-2,19%",,"35,01","0,15%","-0,20%",Si,12219490,Si,"-1,16%",-26%,40%,"1,00",0,"0,15%",1
,08/14/2020,"34,75","35,10",Si,"35,1","0,01%","34,46","-1,82%",,"34,68","-1,19%","-0,32%",No,7352621,Si,"-40,53%",-99%,50%,"1,00",0,"-1,19%",0
,08/13/2020,"35,27","35,62",Si,"35,75","0,36%","34,59","-2,90%",,"34,86","-2,14%","-0,73%",No,12172200,Si,"-1,54%",-75%,20%,"0,00",0,"-2,50%",0
,08/12/2020,"34,64","34,99",Si,"35,93","2,70%","33,56","-4,08%","-0,58%","35,53","1,55%","0,70%",Si,13941930,Si,"12,77%",92%,-12%,"0,00",0,"-2,50%",0
,08/11/2020,"34,93","35,28",Si,"35,52","0,68%","34,34","-2,66%",,"34,4","-2,49%","-2,59%",No,11420100,Si,"-7,63%",-52%,27%,"0,00",0,"-2,50%",0
,08/10/2020,"36,51","36,88",Si,"36,79","-0,23%","34,94","-5,25%","-1,75%","35,86","-2,75%","4,37%",No,22474620,Si,"81,79%",-116%,-45%,"0,00",0,"-2,50%",0
,08/07/2020,"35,85","36,21",Si,"37,25","2,88%","34,3","-5,27%","-1,77%","34,98","-3,39%","-0,14%",Si,19687920,Si,"59,25%",104%,-45%,"0,00",0,"-2,50%",0
,08/06/2020,"36,26","36,62",Si,"36,27","-0,96%","35,36","-3,45%",,"35,9","-1,97%","1,06%",No,10960220,Si,"-11,35%",-168%,5%,"0,00",0,"-2,50%",0
,08/05/2020,35,"35,35",Si,"36,28","2,63%","34,64","-2,01%",,"35,88","1,50%","0,26%",Si,15446240,Si,"24,94%",87%,45%,"1,00",0,"1,50%",1
,08/04/2020,"34,72","35,07",Si,"35,07","0,01%","33,8","-3,61%",,"34,91","-0,45%","-3,77%",No,38072710,Si,"207,96%",-99%,0%,"0,00",0,"-2,50%",0
,08/03/2020,"34,6","34,95",Si,"37,33","6,82%","34,29","-1,88%",,"36,08","3,25%","0,90%",Si,45779250,Si,"270,30%",384%,48%,"1,00",1,"2,92%",1
,07/31/2020,"33,56","33,90",Si,"34,5","1,78%",31,"-8,54%",,"34,29","1,16%","33,23%",No,111863700,Si,"804,83%",27%,-136%,"0,00",0,"-2,50%",0
,07/30/2020,"24,59","24,84",No,"25,37","2,15%","24,41","-1,71%",,"25,19","1,43%","-1,44%",Si,16260320,Si,"31,53%",53%,53%,"1,00",0,"1,43%",1
,07/29/2020,"24,33","24,57",No,"25,16","2,39%","24,24","-1,36%",,"24,95","1,53%","1,37%",No,9551513,Si,"-22,74%",70%,63%,"1,00",0,"1,53%",1
,07/28/2020,"24,16","24,40",No,"24,46","0,24%","23,88","-2,14%",,24,"-1,65%","-0,45%",No,5295863,Si,"-57,16%",-83%,41%,"1,00",0,"-1,65%",0
,07/27/2020,"24,48","24,72",No,"24,59","-0,55%","23,84","-3,58%",,"24,27","-1,84%","-0,24%",No,6881139,Si,"-44,34%",-139%,1%,"0,00",0,"-2,50%",0
,07/24/2020,"24,22","24,46",No,"24,69","0,93%","23,56","-3,69%",,"24,54","0,32%","-1,70%",No,9096179,Si,"-26,42%",-34%,-2%,"0,00",0,"-2,50%",0
,07/23/2020,"25,26","25,51",Si,"25,42","-0,36%","24,28","-4,83%",,"24,64","-3,42%","-0,51%",No,9939304,Si,"-19,60%",-126%,-33%,"0,00",0,"-2,50%",0
,07/22/2020,"25,4","25,65",Si,"25,66","0,02%","24,75","-3,52%",,"25,39","-1,03%","-1,24%",No,11745350,Si,"-5,00%",-98%,3%,"0,00",0,"-2,50%",0
,07/21/2020,"26,5","26,77",Si,"26,52","-0,92%","25,47","-4,84%",,"25,72","-3,90%","1,61%",No,10488380,Si,"-15,16%",-165%,-33%,"0,00",0,"-2,50%",0
,07/20/2020,"24,98","25,23",No,"26,15","3,65%","24,85","-1,51%",0,"26,08","3,37%","0,20%",Si,8068378,Si,"-34,74%",159%,58%,"1,00",1,"2,92%",1
,07/17/2020,"24,93","25,18",No,"25,01","-0,67%","24,41","-3,06%",,"24,93","-0,99%","1,14%",No,7537544,Si,"-39,03%",-148%,16%,"0,00",0,"-2,50%",0
,07/16/2020,"24,39","24,63",No,"24,74","0,43%","24,01","-2,53%",,"24,65","0,07%","-0,93%",No,8761211,Si,"-29,13%",-69%,30%,"0,00",0,"-2,50%",0
,07/15/2020,"25,12","25,37",Si,"25,7","1,30%","24,19","-4,66%",,"24,62","-2,96%","1,54%",No,10930710,Si,"-11,58%",-8%,-28%,"0,00",0,"-2,50%",0
,07/14/2020,"24,64","24,89",No,"25,02","0,54%","23,76","-4,53%","-1,03%","24,74","-0,59%","-0,52%",No,14933720,Si,"20,79%",-62%,-25%,"0,00",0,"-2,50%",0
,07/13/2020,"27,07","27,34",Si,"27,22","-0,44%","24,72","-9,59%",,"24,77","-9,40%","1,92%",No,11553450,Si,"-6,55%",-131%,-164%,"0,00",0,"-2,50%",0
,07/10/2020,"27,32","27,59",Si,"27,35","-0,88%","26,1","-5,41%",,"26,56","-3,74%","-0,36%",No,12810580,Si,"3,62%",-163%,-49%,"0,00",0,"-2,50%",0
,07/09/2020,"27,32","27,59",Si,"27,83","0,86%","26,77","-2,98%",,"27,42","-0,63%","1,19%",No,13994590,Si,"13,20%",-39%,18%,"0,00",0,"-2,50%",0
,07/08/2020,"26,13","26,39",Si,27,"2,31%","25,95","-1,67%",,27,"2,31%","1,08%",No,16272840,Si,"31,63%",64%,54%,"1,00",0,"2,31%",1
,07/07/2020,"25,58","25,84",Si,"26,3","1,80%","25,34","-1,92%",,"25,85","0,05%","-0,93%",Si,12016740,Si,"-2,80%",28%,47%,"1,00",0,"0,05%",1
,07/06/2020,"24,56","24,81",No,"26,07","5,10%","24,31","-2,00%",,"25,82","4,09%","1,87%",No,21918190,Si,"77,29%",262%,45%,"1,00",1,"2,92%",1
,07/02/2020,"23,95","24,19",No,"24,55","1,49%","23,78","-1,69%",,"24,11","-0,33%","2,88%",No,18224290,Si,"47,41%",6%,53%,"1,00",0,"-0,33%",0
,07/01/2020,"22,53","22,76",No,"23,6","3,71%","22,46","-1,30%",,"23,28","2,31%","1,62%",No,15591300,Si,"26,11%",164%,64%,"1,00",1,"2,92%",1
,06/30/2020,"22,09","22,31",No,"22,27","-0,18%","21,46","-3,81%","-0,32%","22,17","-0,63%","0,23%",No,8253588,Si,"-33,24%",-113%,-5%,"0,00",0,"-2,50%",0
,06/29/2020,"21,2","21,41",No,"22,09","3,17%","20,07","-6,27%",,"22,04","2,93%","-1,90%",Si,14328860,Si,"15,90%",125%,-73%,"0,00",1,"-2,50%",0
,06/26/2020,"22,69","22,92",No,"23,74","3,59%","21,25","-7,27%",,"21,61","-5,70%","0,49%",Si,45955820,Si,"271,72%",155%,-101%,"0,00",1,"-2,50%",0
,06/25/2020,"22,94","23,17",No,"23,49","1,38%","22,37","-3,45%",,"22,58","-2,54%","-0,99%",Si,12023100,Si,"-2,75%",-2%,5%,"0,00",0,"-2,50%",0
,06/24/2020,"23,82","24,06",No,"24,17","0,46%","22,35","-7,10%",,"23,17","-3,69%","-1,04%",No,12039970,Si,"-2,61%",-67%,-96%,"0,00",0,"-2,50%",0
,06/23/2020,"24,01","24,25",No,"24,33","0,33%","23,57","-2,80%",,"24,07","-0,74%","0,25%",No,14326810,Si,"15,89%",-77%,23%,"0,00",0,"-2,50%",0
,06/22/2020,"23,33","23,56",No,"24,17","2,57%","23,26","-1,29%",,"23,95","1,64%","0,52%",Si,14628530,Si,"18,33%",83%,65%,"1,00",0,"1,64%",1
,06/19/2020,"23,37","23,60",No,"24,35","3,16%","23,2","-1,71%",,"23,21","-1,67%","1,34%",No,20789240,Si,"68,16%",125%,53%,"1,00",1,"2,92%",1
,06/18/2020,"22,23","22,45",No,"23,32","3,86%","22,22","-1,03%",,"23,06","2,71%","-0,76%",Si,18077630,Si,"46,23%",174%,71%,"1,00",1,"2,92%",1
,06/17/2020,"22,2","22,42",No,"22,58","0,70%","21,38","-4,65%","-1,15%","22,4","-0,10%","0,00%",No,15646870,Si,"26,56%",-50%,-28%,"0,00",0,"-2,50%",0
,06/16/2020,22,"22,22",No,"22,27","0,23%","21,32","-4,05%",,"22,2","-0,09%","4,02%",No,8359201,Si,"-32,38%",-84%,-12%,"0,00",0,"-2,50%",0
,06/15/2020,"20,15","20,35",No,"21,31","4,71%","20,07","-1,38%",0,"21,15","3,92%","-3,54%",Si,11305270,Si,"-8,55%",234%,62%,"1,00",1,"2,92%",1
,06/12/2020,21,"21,21",No,"21,3","0,42%","20,35","-4,05%",,"20,89","-1,51%","3,65%",No,10025140,Si,"-18,91%",-70%,-12%,"0,00",0,"-2,50%",0
,06/11/2020,"20,91","21,12",No,"21,53","1,95%","20,24","-4,16%",,"20,26","-4,07%","-6,69%",Si,12345480,Si,"-0,14%",38%,-15%,"0,00",0,"-2,50%",0
,06/10/2020,"21,9","22,12",No,"22,53","1,86%","21,4","-3,25%",,"22,41","1,32%","-0,64%",Si,12002140,Si,"-2,92%",32%,10%,"0,00",0,"-2,50%",0
,06/09/2020,"21,75","21,97",No,"22,73","3,47%","21,71","-1,17%",0,"22,04","0,33%","-1,98%",Si,9601503,Si,"-22,34%",146%,68%,"1,00",1,"2,92%",1
,06/08/2020,"22,35","22,57",No,"22,56","-0,06%","21,53","-4,62%",,"22,19","-1,70%","0,99%",No,19721660,Si,"59,52%",-104%,-27%,"0,00",0,"-2,50%",0
,06/05/2020,"21,6","21,82",No,"22,71","4,10%","21,11","-3,24%",,"22,13","1,44%","1,89%",No,12161110,Si,"-1,63%",191%,11%,"0,00",1,"-2,50%",0
,06/04/2020,"21,4","21,61",No,"22,18","2,62%","20,95","-3,07%",0,"21,2","-1,92%","-0,19%",Si,12885470,Si,"4,23%",86%,15%,"0,00",0,"-2,50%",0
,06/03/2020,"20,73","20,94",No,"21,64","3,36%","20,53","-1,95%",,"21,44","2,40%","1,07%",No,9419360,Si,"-23,81%",138%,46%,"1,00",1,"2,92%",1
,06/02/2020,"20,53","20,74",No,"20,89","0,75%","19,91","-3,98%",,"20,51","-1,09%","0,49%",No,12044940,Si,"-2,57%",-47%,-10%,"0,00",0,"-2,50%",0
,06/01/2020,"20,15","20,35",No,"20,55","0,98%","20,05","-1,48%",,"20,43","0,39%","-0,69%",No,7965926,Si,"-35,57%",-31%,59%,"1,00",0,"0,39%",1
,05/29/2020,"19,75","19,95",No,"20,32","1,87%","19,69","-1,29%",0,"20,29","1,72%","-0,25%",Si,12661190,Si,"2,41%",33%,64%,"1,00",0,"1,72%",1
,05/28/2020,"19,28","19,47",No,"20,23","3,89%","18,95","-2,68%",,"19,8","1,68%","0,89%",Si,13943450,Si,"12,78%",176%,26%,"0,00",1,"-2,50%",0
,05/27/2020,"19,5","19,70",No,"19,51","-0,94%","18,25","-7,34%",,"19,11","-2,97%","0,00%",No,12345730,Si,"-0,14%",-167%,-102%,"0,00",0,"-2,50%",0
,05/26/2020,"19,2","19,39",No,"19,68","1,49%","19,04","-1,82%",,"19,5","0,56%","3,23%",No,13178030,Si,"6,59%",5%,50%,"1,00",0,"0,56%",1
,05/22/2020,"18,82","19,01",No,"18,88","-0,67%","18,13","-4,62%",,"18,6","-2,15%","0,70%",No,7853529,Si,"-36,47%",-148%,-27%,"0,00",0,"-2,50%",0
,05/21/2020,19,"19,19",No,"19,19","0,00%","18,31","-4,59%",,"18,69","-2,61%","0,58%",No,8308623,Si,"-32,79%",-100%,-26%,"0,00",0,"-2,50%",0
,05/20/2020,19,"19,19",No,"19,31","0,63%","18,3","-4,64%",,"18,89","-1,56%","1,82%",No,12829960,Si,"3,78%",-56%,-28%,"0,00",0,"-2,50%",0
,05/19/2020,"18,64","18,83",No,"19,44","3,26%","18,04","-4,18%","-0,68%","18,66","-0,88%","0,65%",Si,19239050,Si,"55,62%",131%,-15%,"0,00",1,"-2,50%",0
,05/18/2020,"18,9","19,09",No,"18,94","-0,78%","18,3","-4,13%",,"18,52","-2,98%","3,62%",No,10652420,Si,"-13,84%",-155%,-14%,"0,00",0,"-2,50%",0
,05/15/2020,"16,87","17,04",No,"18,28","7,29%","16,58","-2,69%",,"18,24","7,05%","-1,11%",Si,12741990,Si,"3,07%",417%,26%,"0,00",1,"-2,50%",0
,05/14/2020,"16,48","16,64",No,"17,09","2,67%","15,82","-4,96%","-1,46%","17,06","2,49%","-0,78%",Si,11330750,Si,"-8,35%",90%,-37%,"0,00",0,"-2,50%",0
,05/13/2020,"17,82","18,00",No,"18,09","0,51%","16,54","-8,10%",,"16,61","-7,71%","0,34%",No,18285490,Si,"47,91%",-64%,-123%,"0,00",0,"-2,50%",0
,05/12/2020,"18,92","19,11",No,"18,97","-0,73%","17,74","-7,17%",,"17,76","-7,06%","1,67%",No,16667190,Si,"34,82%",-152%,-98%,"0,00",0,"-2,50%",0
,05/11/2020,"19,07","19,26",No,"19,32","0,31%","18,57","-3,59%",,"18,61","-3,38%","-3,64%",No,16376710,Si,"32,47%",-78%,1%,"0,00",0,"-2,50%",0
,05/08/2020,19,"19,19",No,"19,86","3,49%","18,81","-1,98%",,"19,79","3,13%","1,60%",No,16236310,Si,"31,33%",148%,45%,"1,00",1,"2,92%",1
,05/07/2020,"17,99","18,17",No,"18,98","4,46%","17,9","-1,49%",,"18,7","2,92%","1,52%",No,20315700,Si,"64,33%",217%,59%,"1,00",1,"2,92%",1
,05/06/2020,"17,64","17,82",No,"18,62","4,51%","17,2","-3,46%",,"17,72","-0,54%","-15,23%",Si,39651550,Si,"220,73%",220%,5%,"0,00",1,"-2,50%",0
,05/05/2020,"21,6","21,82",No,"22,08","1,21%","20,66","-5,30%",,"20,81","-4,61%","0,79%",Si,27864800,Si,"125,39%",-14%,-46%,"0,00",0,"-2,50%",0
,05/04/2020,"19,51","19,71",No,"21,49","9,06%","19,21","-2,51%",0,"21,43","8,75%","-1,22%",Si,11793330,Si,"-4,61%",543%,31%,"0,00",1,"-2,50%",0
,05/01/2020,"19,97","20,17",No,"20,43","1,29%","19,64","-2,63%",,"19,75","-2,08%","-3,34%",Si,9313995,Si,"-24,66%",-8%,28%,"0,00",0,"-2,50%",0
,04/30/2020,"20,82","21,03",No,"21,06","0,15%","20,38","-3,08%",,"20,66","-1,75%","-0,14%",No,10020640,Si,"-18,95%",-89%,15%,"0,00",0,"-2,50%",0
,04/29/2020,"20,74","20,95",No,"21,1","0,73%","20,4","-2,61%",,"20,85","-0,46%","4,27%",No,10446640,Si,"-15,50%",-48%,28%,"0,00",0,"-2,50%",0
,04/28/2020,"21,02","21,23",No,"21,02","-0,99%","19,56","-7,87%",,"19,89","-6,31%","1,15%",No,8637280,Si,"-30,14%",-170%,-117%,"0,00",0,"-2,50%",0
,04/27/2020,"20,96","21,17",No,"21,56","1,84%","20,58","-2,79%",,"20,78","-1,84%","1,65%",No,14820740,Si,"19,88%",31%,23%,"0,00",0,"-2,50%",0
,04/24/2020,"19,04","19,23",No,"20,7","7,64%","18,87","-1,87%",,"20,62","7,23%","1,01%",No,16788890,Si,"35,80%",443%,48%,"1,00",1,"2,92%",1
,04/23/2020,"19,19","19,38",No,"19,31","-0,37%","18,55","-4,29%",,"18,85","-2,74%","-0,36%",No,8599248,Si,"-30,44%",-126%,-18%,"0,00",0,"-2,50%",0
,04/22/2020,"17,49","17,66",No,"19,49","10,33%","17,49","-0,99%",,"19,26","9,03%","3,68%",No,24208570,Si,"95,82%",634%,73%,"1,00",1,"2,92%",1
,04/21/2020,"17,05","17,22",No,"17,52","1,74%","16,43","-4,59%",,"16,87","-2,04%","-2,18%",Si,11294950,Si,"-8,64%",23%,-27%,"0,00",0,"-2,50%",0
,04/20/2020,"17,05","17,22",No,"18,13","5,28%",17,"-1,28%",,"17,43","1,22%","-2,29%",Si,10708540,Si,"-13,38%",275%,65%,"1,00",1,"2,92%",1
,04/17/2020,"17,65","17,83",No,"17,75","-0,43%","17,23","-3,35%",,"17,45","-2,11%","3,76%",No,6077724,Si,"-50,84%",-130%,8%,"0,00",0,"-2,50%",0
,04/16/2020,"17,2","17,37",No,"17,33","-0,24%","16,45","-5,31%",,"17,01","-2,08%","1,00%",No,7980708,Si,"-35,45%",-117%,-46%,"0,00",0,"-2,50%",0
,04/15/2020,"16,74","16,91",No,"17,37","2,74%","16,33","-3,42%",,"17,03","0,73%","-2,90%",Si,9345354,Si,"-24,41%",94%,6%,"0,00",0,"-2,50%",0
,04/14/2020,"16,91","17,08",No,"17,42","2,00%","16,68","-2,34%",,"17,24","0,94%","2,67%",No,8475787,Si,"-31,44%",42%,36%,"1,00",0,"0,94%",1
,04/13/2020,"16,76","16,93",No,"16,76","-0,99%","16,14","-4,65%",,"16,47","-2,70%","0,06%",No,6450022,Si,"-47,83%",-170%,-28%,"0,00",0,"-2,50%",0
,04/09/2020,"17,01","17,18",No,"17,66","2,79%","16,23","-5,53%",,"16,75","-2,50%","1,07%",No,13323320,Si,"7,77%",98%,-53%,"0,00",0,"-2,50%",0
,04/08/2020,"16,57","16,74",No,17,"1,58%","15,9","-4,99%",,"16,83","0,56%","10,03%",No,24639880,Si,"99,31%",12%,-38%,"0,00",0,"-2,50%",0
,04/07/2020,"15,75","15,91",No,"16,06","0,96%","14,82","-6,84%",,"15,06","-5,33%","3,55%",No,10629730,Si,"-14,02%",-32%,-89%,"0,00",0,"-2,50%",0
,04/06/2020,"14,62","14,77",No,"15,28","3,48%","14,43","-2,28%",,"15,21","3,01%","5,79%",No,8265216,Si,"-33,14%",147%,37%,"1,00",1,"2,92%",1
,04/03/2020,"13,56","13,70",No,14,"2,22%","13,38","-2,30%",,"13,82","0,91%","-1,02%",Si,5696621,Si,"-53,92%",58%,36%,"1,00",0,"0,91%",1
,04/02/2020,"14,08","14,22",No,"14,72","3,51%","13,4","-5,77%","-2,28%","13,7","-3,66%","-0,64%",Si,7888560,Si,"-36,19%",149%,-59%,"0,00",1,"-2,50%",0
,04/01/2020,"14,6","14,75",No,"14,69","-0,38%","13,87","-5,94%","-2,44%","14,17","-3,91%","-5,44%",No,9082519,Si,"-26,53%",-127%,-64%,"0,00",0,"-2,50%",0
,03/31/2020,"15,42","15,57",No,"16,13","3,57%","15,09","-3,11%",,"15,44","-0,86%","0,00%",Si,8506781,Si,"-31,19%",153%,14%,"0,00",1,"-2,50%",0
,03/30/2020,"14,88","15,03",No,"15,51","3,20%","14,32","-4,72%","-1,22%","15,42","2,60%","-0,40%",Si,10071430,Si,"-18,53%",127%,-30%,"0,00",1,"-2,50%",0
,03/27/2020,"14,6","14,75",No,"15,47","4,91%","14,45","-2,01%",,"14,94","1,32%","-3,95%",Si,10767500,Si,"-12,90%",249%,45%,"1,00",1,"2,92%",1
,03/26/2020,14,"14,14",No,"15,58","10,18%","13,95","-1,34%",,"15,2","7,50%","-0,21%",Si,10986990,Si,"-11,13%",623%,63%,"1,00",1,"2,92%",1
,03/25/2020,"14,6","14,75",No,"14,95","1,38%","13,67","-7,30%","-3,80%","14,03","-4,86%","2,38%",No,14894650,Si,"20,48%",-2%,-101%,"0,00",0,"-2,50%",0
,03/24/2020,"13,46","13,59",No,"14,28","5,04%","12,99","-4,45%",,"14,26","4,89%","7,51%",No,14813120,Si,"19,82%",258%,-23%,"0,00",1,"-2,50%",0
,03/23/2020,"12,12","12,24",No,"12,88","5,22%","11,47","-6,30%",,"12,52","2,28%","-0,74%",Si,9910081,Si,"-19,84%",271%,-74%,"0,00",1,"-2,50%",0
,03/20/2020,"13,13","13,26",No,"13,61","2,63%","12,01","-9,44%",,"12,21","-7,93%","4,12%",No,10624620,Si,"-14,06%",87%,-160%,"0,00",0,"-2,50%",0
,03/19/2020,"10,6","10,71",No,"13,05","21,89%","10,4","-2,86%",0,"12,61","17,78%","-2,93%",Si,14851410,Si,"20,13%",1455%,21%,"0,00",1,"-2,50%",0
,03/18/2020,"11,55","11,67",No,"12,4","6,30%","10,1","-13,42%","-9,92%","10,92","-6,39%","-8,70%",Si,13387570,Si,"8,29%",347%,-270%,"0,00",1,"-2,50%",0
,03/17/2020,"11,65","11,77",No,"12,78","8,61%","10,51","-10,68%",,"12,65","7,51%","0,09%",Si,15405460,Si,"24,61%",512%,-194%,"0,00",1,"-2,50%",0
,03/16/2020,"12,82","12,95",No,"12,82","-0,99%","11,36","-12,27%","-8,77%","11,64","-10,10%","-10,41%",No,18504640,Si,"49,68%",-170%,-238%,"0,00",0,"-2,50%",0
,03/13/2020,"14,14","14,28",No,"14,31","0,20%","13,32","-6,73%",,"14,31","0,20%","6,24%",No,13005570,Si,"5,20%",-86%,-86%,"0,00",0,"-2,50%",0
,03/12/2020,"13,81","13,95",No,"14,23","2,02%","12,19","-12,60%","-9,11%","13,31","-4,57%","-10,61%",Si,23981150,Si,"93,98%",44%,-248%,"0,00",0,"-2,50%",0
,03/11/2020,"16,16","16,32",No,"16,34","0,11%","14,95","-8,40%",,"15,45","-5,34%","-3,46%",No,14332880,Si,"15,93%",-92%,-132%,"0,00",0,"-2,50%",0
,03/10/2020,"16,96","17,13",No,"17,05","-0,46%","15,82","-7,65%",,"16,74","-2,27%","4,63%",No,10301450,Si,"-16,67%",-133%,-111%,"0,00",0,"-2,50%",0
,03/09/2020,17,"17,17",No,"17,48","1,81%","16,2","-5,65%","-2,15%","16,21","-5,59%","-8,16%",Si,13991060,Si,"13,17%",28%,-56%,"0,00",0,"-2,50%",0
,03/06/2020,"18,5","18,69",No,"18,7","0,08%","17,82","-4,63%","-1,13%","18,51","-0,94%","-2,32%",No,12322480,Si,"-0,33%",-94%,-28%,"0,00",0,"-2,50%",0
,03/05/2020,"19,43","19,62",No,"19,58","-0,23%","18,65","-4,96%","-1,47%","18,94","-3,49%","-1,87%",No,9300259,Si,"-24,77%",-116%,-37%,"0,00",0,"-2,50%",0
,03/04/2020,"19,65","19,85",No,"19,82","-0,13%","19,16","-3,46%",,"19,8","-0,23%","1,92%",No,8670052,Si,"-29,87%",-109%,5%,"0,00",0,"-2,50%",0
,03/03/2020,20,"20,20",No,"20,18","-0,10%","19,2","-4,95%","-1,45%","19,28","-4,55%","0,00%",No,9795689,Si,"-20,77%",-107%,-37%,"0,00",0,"-2,50%",0
,03/02/2020,"19,9","20,10",No,20,"-0,49%","19,05","-5,22%","-1,72%",20,"-0,49%","2,05%",No,14254120,Si,"15,30%",-135%,-44%,"0,00",0,"-2,50%",0
,02/28/2020,"18,94","19,13",No,"20,13","5,23%","18,92","-1,09%",0,"19,5","1,94%","-6,28%",Si,26201790,Si,"111,94%",271%,70%,"1,00",1,"2,92%",1
,02/27/2020,"19,74","19,94",No,"20,71","3,88%","19,27","-3,35%",0,"20,21","1,37%","-2,81%",Si,17688770,Si,"43,08%",175%,8%,"0,00",1,"-2,50%",0
,02/26/2020,"20,96","21,17",No,"21,45","1,32%","19,76","-6,66%",,"20,31","-4,06%","0,00%",Si,16037080,Si,"29,72%",-6%,-84%,"0,00",0,"-2,50%",0
,02/25/2020,"21,72","21,94",No,"22,09","0,70%","20,7","-5,64%",,"20,96","-4,45%","0,32%",No,14678560,Si,"18,73%",-51%,-56%,"0,00",0,"-2,50%",0
,02/24/2020,"21,24","21,45",No,"21,98","2,46%","21,07","-1,78%",,"21,65","0,92%","-5,52%",Si,12468070,Si,"0,85%",75%,51%,"1,00",0,"0,92%",1
,02/21/2020,"23,34","23,57",No,"23,44","-0,57%","22,3","-5,40%",,"22,48","-4,64%","-0,85%",No,12324880,Si,"-0,31%",-140%,-49%,"0,00",0,"-2,50%",0
,02/20/2020,"23,88","24,12",No,"24,39","1,12%","23,18","-3,89%",,"23,54","-2,40%","1,19%",No,11347860,Si,"-8,21%",-20%,-7%,"0,00",0,"-2,50%",0
,02/19/2020,"22,81","23,04",No,"23,86","3,57%","22,64","-1,73%",,"23,6","2,44%","0,22%",Si,13889620,Si,"12,35%",153%,52%,"1,00",1,"2,92%",1
,02/18/2020,"23,2","23,43",No,"23,69","1,10%","22,66","-3,29%",0,"22,76","-2,87%","-0,09%",Si,11189710,Si,"-9,49%",-22%,9%,"0,00",0,"-2,50%",0
,02/14/2020,23,"23,23",No,"23,79","2,41%","22,98","-1,08%",,"23,22","-0,04%","-2,29%",Si,16939830,Si,"37,02%",71%,70%,"1,00",0,"-0,04%",0
,02/13/2020,"23,73","23,97",No,"24,17","0,85%","23,5","-1,95%",,"23,54","-1,78%","-0,88%",No,17380590,Si,"40,59%",-40%,46%,"1,00",0,"-1,78%",0
,02/12/2020,"24,33","24,57",No,"24,37","-0,83%","23,7","-3,55%",,"23,94","-2,58%","1,25%",No,15373250,Si,"24,35%",-159%,2%,"0,00",0,"-2,50%",0
,02/11/2020,"24,41","24,65",No,"24,93","1,12%","23,85","-3,26%",,"24,03","-2,53%","0,49%",Si,18332400,Si,"48,29%",-21%,10%,"0,00",0,"-2,50%",0
,02/10/2020,"24,64","24,89",No,"25,18","1,18%","24,01","-3,52%","-0,03%","24,29","-2,40%","-2,22%",Si,31963970,Si,"158,55%",-16%,3%,"0,00",0,"-2,50%",0
,02/07/2020,"26,99","27,26",Si,"27,25","-0,04%","25,19","-7,59%",,"25,2","-7,56%","17,30%",No,60547740,Si,"389,75%",-103%,-109%,"0,00",0,"-2,50%",0
,02/06/2020,"22,19","22,41",No,"23,3","3,96%","21,91","-2,24%",,"23,01","2,67%","1,28%",No,29363990,Si,"137,52%",181%,38%,"1,00",1,"2,92%",1
,02/05/2020,"22,7","22,93",No,"22,7","-0,99%","21,54","-6,05%",,"21,91","-4,44%","1,07%",No,12421680,Si,"0,48%",-170%,-67%,"0,00",0,"-2,50%",0
,02/04/2020,"22,51","22,74",No,"22,9","0,73%","22,44","-1,30%",,"22,46","-1,21%","0,72%",No,11234530,Si,"-9,13%",-48%,64%,"1,00",0,"-1,21%",0
,02/03/2020,"22,06","22,28",No,"22,48","0,89%",22,"-1,26%",,"22,35","0,31%","0,14%",No,7275264,Si,"-41,15%",-36%,65%,"1,00",0,"0,31%",1
,01/31/2020,"22,37","22,59",No,"22,39","-0,90%","21,56","-4,58%",,"22,03","-2,49%","0,77%",No,9302553,Si,"-24,75%",-164%,-26%,"0,00",0,"-2,50%",0
,01/30/2020,"22,14","22,36",No,"22,43","0,31%","21,56","-3,58%",,"22,2","-0,72%","-2,12%",No,11561880,Si,"-6,48%",-78%,1%,"0,00",0,"-2,50%",0
,01/29/2020,"22,37","22,59",No,"22,87","1,22%","22,28","-1,39%",,"22,62","0,12%","0,86%",Si,7433320,Si,"-39,87%",-13%,62%,"1,00",0,"0,12%",1
,01/28/2020,"21,91","22,13",No,"22,29","0,73%","21,87","-1,17%",,"22,18","0,23%","0,37%",No,6826848,Si,"-44,78%",-48%,68%,"1,00",0,"0,23%",1
,01/27/2020,"21,26","21,47",No,"21,86","1,80%","20,77","-3,27%",,"21,83","1,66%","-5,26%",Si,14582800,Si,"17,96%",28%,10%,"0,00",0,"-2,50%",0
,01/24/2020,"22,83","23,06",No,"23,18","0,53%","22,18","-3,81%",,"22,44","-2,68%","0,97%",No,11306510,Si,"-8,54%",-63%,-5%,"0,00",0,"-2,50%",0
,01/23/2020,"22,57","22,80",No,"23,05","1,12%","22,12","-2,96%",,"22,61","-0,81%","0,67%",Si,12887600,Si,"4,24%",-21%,18%,"0,00",0,"-2,50%",0
,01/22/2020,"22,52","22,75",No,"22,93","0,81%","22,28","-2,05%",,"22,42","-1,43%","0,99%",No,11119850,Si,"-10,05%",-42%,44%,"1,00",0,"-1,43%",0
,01/21/2020,"23,02","23,25",No,"23,06","-0,82%","21,93","-5,68%",,"22,3","-4,09%","0,09%",No,16684470,Si,"34,96%",-158%,-57%,"0,00",0,"-2,50%",0
,01/17/2020,"24,02","24,26",No,"24,05","-0,87%","22,82","-5,94%",,23,"-5,19%","4,66%",No,28318750,Si,"129,06%",-162%,-64%,"0,00",0,"-2,50%",0
,01/16/2020,"22,24","22,46",No,23,"2,39%","22,06","-1,79%",,"22,95","2,17%","2,21%",No,19063850,Si,"54,20%",70%,51%,"1,00",0,"2,17%",1
,01/15/2020,"22,27","22,49",No,"22,95","2,03%","21,62","-3,88%",,"21,76","-3,26%","3,53%",No,31932000,Si,"158,29%",44%,-7%,"0,00",0,"-2,50%",0
,01/14/2020,"20,13","20,33",No,"22,17","9,04%","20,05","-1,38%",0,"21,51","5,80%","2,60%",No,35360500,Si,"186,02%",542%,62%,"1,00",1,"2,92%",1
,01/13/2020,"19,95","20,15",No,20,"-0,74%","19,41","-3,67%",,"19,62","-2,63%","0,86%",No,8120304,Si,"-34,32%",-153%,-1%,"0,00",0,"-2,50%",0
,01/10/2020,"19,65","19,85",No,"20,15","1,53%","19,52","-1,65%",,"19,78","-0,34%","0,10%",Si,7784050,Si,"-37,04%",9%,55%,"1,00",0,"-0,34%",0
,01/09/2020,"20,1","20,30",No,"20,3","0,00%","19,51","-3,90%",,"19,63","-3,31%","1,93%",No,12934880,Si,"4,63%",-100%,-7%,"0,00",0,"-2,50%",0
,01/08/2020,"19,25","19,44",No,"19,98","2,76%","19,11","-1,71%",,"19,72","1,43%","-0,05%",Si,7387484,Si,"-40,24%",96%,53%,"1,00",0,"1,43%",1
,01/07/2020,"18,88","19,07",No,"19,42","1,84%","18,76","-1,62%",0,"19,26","1,00%","-0,16%",Si,7581945,Si,"-38,67%",31%,55%,"1,00",0,"1,00%",1
,01/06/2020,"18,27","18,45",No,"19,35","4,86%","18,22","-1,26%",,"18,91","2,48%","-0,49%",Si,7984063,Si,"-35,42%",245%,65%,"1,00",1,"2,92%",1
,01/03/2020,"18,6","18,79",No,"18,71","-0,40%","18,26","-2,80%",,"18,36","-2,27%","-1,06%",No,5205968,Si,"-57,89%",-129%,23%,"0,00",0,"-2,50%",0
,01/02/2020,"18,8","18,99",No,"19,1","0,59%","18,57","-2,20%",,"18,8","-0,99%","0,86%",No,6335199,Si,"-48,76%",-58%,39%,"1,00",0,"-0,99%",0
,12/31/2019,"18,03","18,21",No,"18,78","3,13%","18,03","-0,99%",,"18,64","2,36%","-0,44%",Si,5920219,Si,"-52,11%",122%,73%,"1,00",1,"2,92%",1
,12/30/2019,"18,5","18,69",No,"18,68","-0,03%","18,04","-3,45%",,"18,11","-3,08%","0,05%",No,5480745,Si,"-55,67%",-102%,5%,"0,00",0,"-2,50%",0
,12/27/2019,"18,37","18,55",No,"18,78","1,22%","18,19","-1,96%",,"18,49","-0,34%","0,38%",Si,5026162,Si,"-59,34%",-13%,46%,"1,00",0,"-0,34%",0
,12/26/2019,"18,5","18,69",No,"18,67","-0,08%","18,23","-2,44%",,"18,3","-2,06%","0,11%",No,3850317,No,"-68,86%",-106%,33%,"1,00",0,"-2,06%",0
,12/24/2019,"18,35","18,53",No,"18,58","0,25%","18,21","-1,75%",,"18,48","-0,29%","-0,22%",No,2014324,No,"-83,71%",-82%,52%,"1,00",0,"-0,29%",0
,12/23/2019,"19,05","19,24",No,"19,13","-0,57%","18,32","-4,78%",,"18,39","-4,42%","0,37%",No,9233174,Si,"-25,32%",-141%,-32%,"0,00",0,"-2,50%",0
,12/20/2019,"19,3","19,49",No,"19,48","-0,07%","18,9","-3,04%",,"18,98","-2,63%","1,10%",No,17460050,Si,"41,23%",-105%,16%,"0,00",0,"-2,50%",0
,12/19/2019,"18,53","18,72",No,"19,4","3,66%","18,42","-1,58%",,"19,09","2,00%","0,00%",Si,11655920,Si,"-5,72%",160%,56%,"1,00",1,"2,92%",1
,12/18/2019,"18,31","18,49",No,"18,79","1,61%","18,22","-1,48%",,"18,53","0,20%","0,55%",Si,9487285,Si,"-23,26%",14%,59%,"1,00",0,"0,20%",1
,12/17/2019,"18,35","18,53",No,"18,72","1,01%","17,97","-3,04%",,"18,21","-1,75%","0,77%",Si,10984420,Si,"-11,15%",-29%,16%,"0,00",0,"-2,50%",0
,12/16/2019,"17,5","17,68",No,"18,42","4,21%","17,42","-1,44%",,"18,21","3,03%","0,29%",Si,12519220,Si,"1,26%",199%,60%,"1,00",1,"2,92%",1
,12/13/2019,"17,75","17,93",No,"17,98","0,29%","17,39","-3,00%",,"17,45","-2,66%","-0,06%",No,7978568,Si,"-35,46%",-79%,17%,"0,00",0,"-2,50%",0
,12/12/2019,"18,12","18,30",No,"18,18","-0,66%","17,64","-3,61%","-0,12%","17,76","-2,96%","-0,44%",No,8857107,Si,"-28,36%",-147%,0%,"0,00",0,"-2,50%",0
,12/11/2019,"17,89","18,07",No,"18,26","1,06%","17,88","-1,05%",0,"18,2","0,73%","-0,56%",Si,5820408,Si,"-52,92%",-25%,71%,"1,00",0,"0,73%",1
,12/10/2019,"18,21","18,39",No,"18,25","-0,77%","17,65","-4,03%",,"17,99","-2,19%","0,00%",No,8829345,Si,"-28,58%",-155%,-11%,"0,00",0,"-2,50%",0
,12/09/2019,"18,76","18,95",No,"19,04","0,49%","18,21","-3,89%",,"18,21","-3,89%","0,00%",No,8068081,Si,"-34,74%",-65%,-7%,"0,00",0,"-2,50%",0
,12/06/2019,"18,48","18,66",No,"18,8","0,72%","18,29","-2,01%",,"18,76","0,51%","0,22%",No,4907211,No,"-60,31%",-49%,45%,"1,00",0,"0,51%",1
,12/05/2019,"18,37","18,55",No,"18,6","0,25%","18,15","-2,18%",,"18,44","-0,61%","0,00%",No,5905384,Si,"-52,23%",-82%,40%,"1,00",0,"-0,61%",0
,12/04/2019,"18,57","18,76",No,"18,65","-0,56%","18,24","-2,75%",,"18,37","-2,06%","0,76%",No,8861247,Si,"-28,32%",-140%,24%,"0,00",0,"-2,50%",0
,12/03/2019,"18,47","18,65",No,"18,79","0,73%","18,41","-1,31%",,"18,43","-1,20%","-1,76%",No,8121847,Si,"-34,30%",-48%,64%,"1,00",0,"-1,20%",0
,12/02/2019,"19,5","19,70",No,"19,51","-0,94%","18,62","-5,46%",,"18,8","-4,54%","0,10%",No,6785446,Si,"-45,11%",-167%,-51%,"0,00",0,"-2,50%",0
,11/29/2019,"19,66","19,86",No,"19,74","-0,59%","19,38","-2,40%",,"19,48","-1,90%","-0,76%",No,2966194,No,"-76,01%",-142%,34%,"1,00",0,"-1,90%",0
,11/27/2019,"19,66","19,86",No,"19,91","0,27%","19,4","-2,30%",,"19,81","-0,23%","0,72%",No,5693561,Si,"-53,95%",-81%,37%,"1,00",0,"-0,23%",0
,11/26/2019,19,"19,19",No,"19,75","2,92%","18,87","-1,67%",,"19,52","1,72%","0,26%",Si,18187000,Si,"47,11%",107%,54%,"1,00",0,"1,72%",1
,11/25/2019,"18,65","18,84",No,"19,29","2,41%","18,64","-1,04%",,"18,95","0,60%","0,00%",Si,8879461,Si,"-28,18%",71%,71%,"1,00",0,"0,60%",1
,11/22/2019,"19,09","19,28",No,"19,16","-0,63%","18,38","-4,67%",,"18,65","-3,27%","0,10%",No,14809560,Si,"19,79%",-145%,-29%,"0,00",0,"-2,50%",0
,11/21/2019,"19,3","19,49",No,"19,51","0,09%","19,07","-2,17%",0,"19,07","-2,17%","-0,52%",No,5879920,Si,"-52,44%",-94%,40%,"1,00",0,"-2,17%",0
,11/20/2019,"19,68","19,88",No,"19,83","-0,24%","19,32","-2,80%",,"19,4","-2,40%","0,00%",No,6090331,Si,"-50,74%",-117%,23%,"0,00",0,"-2,50%",0
,11/19/2019,"19,5","19,70",No,"20,05","1,80%","19,36","-1,70%",,"19,68","-0,08%","0,00%",Si,6877728,Si,"-44,37%",28%,53%,"1,00",0,"-0,08%",0
,11/18/2019,"19,5","19,70",No,"19,66","-0,18%","19,32","-1,90%",,"19,5","-0,99%","-0,20%",No,7986767,Si,"-35,40%",-113%,47%,"1,00",0,"-0,99%",0
,11/15/2019,"19,72","19,92",No,"20,06","0,72%","19,53","-1,94%",,"19,54","-1,89%","0,61%",No,8484652,Si,"-31,37%",-49%,46%,"1,00",0,"-1,89%",0
,11/14/2019,"20,16","20,36",No,"20,16","-0,99%","19,58","-3,84%",,"19,6","-3,74%","-0,20%",No,6308081,Si,"-48,98%",-170%,-6%,"0,00",0,"-2,50%",0
,11/13/2019,"20,38","20,58",No,"20,4","-0,89%","20,04","-2,64%",0,"20,2","-1,86%","-0,68%",No,7087022,Si,"-42,68%",-163%,27%,"0,00",0,"-2,50%",0
,11/12/2019,"20,41","20,61",No,"20,9","1,39%","20,16","-2,20%",,"20,52","-0,46%","0,05%",Si,7508475,Si,"-39,27%",-2%,39%,"1,00",0,"-0,46%",0
,11/11/2019,"20,09","20,29",No,"20,52","1,13%","19,9","-1,93%",,"20,4","0,54%","0,15%",Si,9982792,Si,"-19,25%",-20%,47%,"1,00",0,"0,54%",1
,11/08/2019,"19,95","20,15",No,"20,2","0,25%","19,86","-1,44%",,"20,06","-0,44%","-0,20%",No,8681906,Si,"-29,77%",-82%,60%,"1,00",0,"-0,44%",0
,11/07/2019,"20,1","20,30",No,"20,2","-0,50%","19,6","-3,45%",,"19,99","-1,53%","0,30%",No,11212900,Si,"-9,30%",-135%,5%,"0,00",0,"-2,50%",0
,11/06/2019,"20,35","20,55",No,"20,65","0,47%","19,98","-2,79%",,"20,04","-2,50%","-0,59%",No,11778310,Si,"-4,73%",-67%,23%,"0,00",0,"-2,50%",0
,11/05/2019,"20,5","20,71",No,"20,78","0,36%","20,3","-1,96%",,"20,47","-1,13%","-0,39%",No,13286750,Si,"7,47%",-74%,46%,"1,00",0,"-1,13%",0
,11/04/2019,"20,66","20,87",No,"21,1","1,12%","20,23","-3,05%",,"20,58","-1,37%","-0,96%",Si,21915360,Si,"77,27%",-21%,16%,"0,00",0,"-2,50%",0
,11/01/2019,"19,63","19,83",No,"21,28","7,33%","18,71","-5,63%",,"20,86","5,21%","-21,92%",Si,77234650,Si,"524,73%",421%,-55%,"0,00",1,"-2,50%",0
,10/31/2019,"26,17","26,43",Si,"26,38","-0,20%","24,76","-6,32%",,"25,14","-4,89%","0,96%",No,23965800,Si,"93,85%",-114%,-74%,"0,00",0,"-2,50%",0
,10/30/2019,"25,73","25,99",Si,"25,99","0,01%","25,03","-3,68%",,"25,92","-0,26%","0,63%",No,7018298,Si,"-43,23%",-99%,-2%,"0,00",0,"-2,50%",0
,10/29/2019,"26,1","26,36",Si,"26,69","1,25%","25,06","-4,94%",,"25,57","-3,00%","-0,57%",Si,10707970,Si,"-13,39%",-11%,-36%,"0,00",0,"-2,50%",0
,10/28/2019,"26,14","26,40",Si,"26,3","-0,38%","25,73","-2,54%",0,"26,25","-0,57%","1,08%",No,7059095,Si,"-42,90%",-127%,30%,"0,00",0,"-2,50%",0
,10/25/2019,"25,75","26,01",Si,"26,48","1,82%","25,65","-1,37%",,"25,86","-0,57%","-0,08%",Si,6505140,Si,"-47,38%",29%,62%,"1,00",0,"-0,57%",0
,10/24/2019,"25,82","26,08",Si,"26,03","-0,18%","25,24","-3,21%",,"25,77","-1,18%","0,47%",No,5167176,Si,"-58,20%",-113%,11%,"0,00",0,"-2,50%",0
,10/23/2019,"25,76","26,02",Si,"26,3","1,09%","25,44","-2,22%",,"25,7","-1,22%","-0,46%",Si,7110226,Si,"-42,49%",-23%,39%,"1,00",0,"-1,22%",0
,10/22/2019,"26,4","26,66",Si,27,"1,26%","25,78","-3,32%",,"25,88","-2,94%","-1,35%",Si,8637455,Si,"-30,13%",-11%,9%,"0,00",0,"-2,50%",0
,10/21/2019,"25,83","26,09",Si,"26,95","3,30%","25,61","-1,83%",,"26,76","2,57%","2,05%",No,15286550,Si,"23,65%",135%,49%,"1,00",1,"2,92%",1
,10/18/2019,"26,04","26,30",Si,"26,2","-0,38%","24,89","-5,36%",,"25,31","-3,77%","0,19%",No,9740623,Si,"-21,21%",-127%,-48%,"0,00",0,"-2,50%",0
,10/17/2019,"25,55","25,81",Si,"26,52","2,77%","25,48","-1,26%",,"25,99","0,71%","-0,74%",Si,12207230,Si,"-1,26%",97%,65%,"1,00",0,"0,71%",1
,10/16/2019,25,"25,25",No,"25,95","2,77%","24,81","-1,74%",,"25,74","1,94%","-2,23%",Si,15226000,Si,"23,16%",97%,52%,"1,00",0,"1,94%",1
,10/15/2019,"25,41","25,66",Si,"25,6","-0,25%","24,27","-5,43%","-1,94%","25,57","-0,37%","-1,97%",No,43326440,Si,"250,46%",-118%,-50%,"0,00",0,"-2,50%",0
,10/14/2019,"26,32","26,58",Si,"26,85","1,00%","25,83","-2,83%",,"25,92","-2,49%","-2,12%",Si,6305906,Si,"-48,99%",-29%,22%,"0,00",0,"-2,50%",0
,10/11/2019,26,"26,26",Si,"27,51","4,76%","25,98","-1,07%",,"26,89","2,40%","0,81%",Si,6925436,Si,"-43,98%",238%,71%,"1,00",1,"2,92%",1
,10/10/2019,"25,59","25,85",Si,"26,3","1,76%","25,36","-1,88%",,"25,79","-0,22%","-0,23%",Si,3098980,No,"-74,93%",25%,48%,"1,00",0,"-0,22%",0
,10/09/2019,"25,98","26,24",Si,"25,98","-0,99%","25,48","-2,90%",,"25,65","-2,25%","1,37%",No,2444316,No,"-80,23%",-170%,20%,"0,00",0,"-2,50%",0
,10/08/2019,"26,04","26,30",Si,"26,04","-0,99%","25,3","-3,80%",,"25,63","-2,55%","-1,77%",No,3282308,No,"-73,45%",-170%,-5%,"0,00",0,"-2,50%",0
,10/07/2019,"27,29","27,56",Si,"27,46","-0,37%","26,33","-4,47%",,"26,51","-3,82%","-0,07%",No,3526212,No,"-71,48%",-127%,-23%,"0,00",0,"-2,50%",0
,10/04/2019,"27,68","27,96",Si,"28,04","0,30%","26,88","-3,85%",,"27,31","-2,31%","1,13%",No,4246445,No,"-65,65%",-79%,-6%,"0,00",0,"-2,50%",0
,10/03/2019,"26,43","26,69",Si,"27,69","3,73%","25,77","-3,46%",,"27,37","2,53%","-0,30%",Si,4343914,No,"-64,86%",165%,5%,"0,00",1,"-2,50%",0
,10/02/2019,"25,95","26,21",Si,"26,88","2,56%","25,53","-2,59%",,"26,51","1,15%","-1,82%",Si,3825742,No,"-69,05%",82%,29%,"0,00",0,"-2,50%",0
,10/01/2019,"26,56","26,83",Si,"26,99","0,61%","26,25","-2,15%",,"26,43","-1,47%","0,42%",No,3221883,No,"-73,94%",-56%,41%,"1,00",0,"-1,47%",0
,09/30/2019,"26,37","26,63",Si,"26,66","0,10%","25,14","-5,61%",,"26,45","-0,69%","-0,49%",No,8069293,Si,"-34,73%",-93%,-55%,"0,00",0,"-2,50%",0
,09/27/2019,"27,35","27,62",Si,"27,45","-0,63%","25,87","-6,35%",,"26,5","-4,07%","-0,11%",No,4574372,No,"-63,00%",-145%,-75%,"0,00",0,"-2,50%",0
,09/26/2019,"27,19","27,46",Si,"27,73","0,98%","27,15","-1,14%",,"27,38","-0,30%","0,30%",No,2685092,No,"-78,28%",-31%,69%,"1,00",0,"-0,30%",0
,09/25/2019,"27,07","27,34",Si,"27,55","0,77%","26,75","-2,16%",0,"27,11","-0,84%","-0,15%",No,3037907,No,"-75,43%",-46%,40%,"1,00",0,"-0,84%",0
,09/24/2019,"28,76","29,05",Si,"28,79","-0,89%","26,74","-7,94%",,"27,11","-6,67%","0,74%",No,6694072,Si,"-45,85%",-163%,-119%,"0,00",0,"-2,50%",0
,09/23/2019,"29,97","30,27",Si,"30,09","-0,59%","28,34","-6,38%","-2,88%","28,55","-5,68%","-0,83%",No,5447600,Si,"-55,94%",-142%,-76%,"0,00",0,"-2,50%",0
,09/20/2019,"30,23","30,53",Si,"30,73","0,65%","29,6","-3,05%",,"30,22","-1,02%","0,30%",No,6900507,Si,"-44,18%",-54%,16%,"0,00",0,"-2,50%",0
,09/19/2019,"29,5","29,80",Si,"30,55","2,53%","29,02","-2,60%",,"30,14","1,16%","0,00%",Si,5242728,Si,"-57,59%",80%,28%,"0,00",0,"-2,50%",0
,09/18/2019,30,"30,30",Si,30,"-0,99%","28,71","-5,25%",,"29,5","-2,64%","-0,37%",No,4868740,No,"-60,62%",-170%,-45%,"0,00",0,"-2,50%",0
,09/17/2019,29,"29,29",Si,"30,27","3,35%","28,68","-2,08%",,"30,11","2,80%","-0,89%",Si,6237014,Si,"-49,55%",138%,43%,"1,00",1,"2,92%",1
,09/16/2019,"28,65","28,94",Si,"29,83","3,09%","28,62","-1,09%",,"29,26","1,12%","-1,34%",Si,2042666,No,"-83,48%",119%,70%,"1,00",1,"2,92%",1
,09/13/2019,"29,66","29,96",Si,"30,05","0,31%","28,8","-3,86%",,"29,04","-3,06%","-0,37%",No,2943065,No,"-76,19%",-78%,-6%,"0,00",0,"-2,50%",0
,09/12/2019,"30,2","30,50",Si,"30,37","-0,43%","29,12","-4,53%",,"29,77","-2,40%","2,03%",No,4322425,No,"-65,04%",-131%,-25%,"0,00",0,"-2,50%",0
,09/11/2019,29,"29,29",Si,"29,76","1,60%","28,53","-2,59%",0,"29,6","1,06%","0,69%",Si,4371789,No,"-64,64%",14%,28%,"0,00",0,"-2,50%",0
,09/10/2019,"27,58","27,86",Si,"29,13","4,57%","27,35","-1,82%",,"28,8","3,39%","-2,20%",Si,6358225,Si,"-48,57%",225%,50%,"1,00",1,"2,92%",1
,09/09/2019,"30,46","30,76",Si,"30,5","-0,86%","27,59","-10,32%",,"28,2","-8,34%","0,33%",No,10037920,Si,"-18,81%",-161%,-185%,"0,00",0,"-2,50%",0
,09/06/2019,"31,34","31,65",Si,"31,48","-0,55%",30,"-5,22%",,"30,36","-4,09%","0,26%",No,4555796,No,"-63,15%",-139%,-44%,"0,00",0,"-2,50%",0
,09/05/2019,"32,95","33,28",Si,"33,18","-0,30%","30,8","-7,45%",,"31,26","-6,07%","1,01%",No,6065444,Si,"-50,94%",-121%,-105%,"0,00",0,"-2,50%",0
,09/04/2019,"34,27","34,61",Si,"34,4","-0,61%","32,33","-6,59%",,"32,62","-5,76%","1,36%",No,3553935,No,"-71,25%",-144%,-82%,"0,00",0,"-2,50%",0
,09/03/2019,"33,93","34,27",Si,"34,67","1,17%","33,23","-3,03%",,"33,81","-1,34%","-1,42%",Si,2284736,No,"-81,52%",-17%,16%,"0,00",0,"-2,50%",0
,08/30/2019,"34,76","35,11",Si,35,"-0,31%","33,64","-4,18%",,"34,42","-1,96%","0,00%",No,1534229,No,"-87,59%",-122%,-15%,"0,00",0,"-2,50%",0
,08/29/2019,"34,36","34,70",Si,"35,15","1,29%","34,15","-1,60%",,"34,76","0,16%","1,30%",No,2352840,No,"-80,97%",-9%,56%,"1,00",0,"0,16%",1
,08/28/2019,"33,3","33,63",Si,"34,18","1,63%","33,01","-1,85%",,"33,92","0,85%","-1,65%",Si,2232743,No,"-81,94%",15%,49%,"1,00",0,"0,85%",1
,08/27/2019,"35,54","35,90",Si,"36,14","0,68%","33,28","-7,29%",,"33,86","-5,67%","0,45%",No,4534942,No,"-63,32%",-52%,-101%,"0,00",0,"-2,50%",0
,08/26/2019,"34,88","35,23",Si,"35,38","0,43%","34,46","-2,18%",,"35,38","0,43%","1,10%",No,2533991,No,"-79,50%",-70%,40%,"1,00",0,"0,43%",1
,08/23/2019,"34,93","35,28",Si,"36,25","2,75%",34,"-3,63%",,"34,5","-2,21%","-1,41%",Si,5008418,Si,"-59,49%",95%,0%,"0,00",0,"-2,50%",0
,08/22/2019,"36,68","37,05",Si,"36,83","-0,59%","35,02","-5,47%",,"35,43","-4,36%","0,33%",No,6018480,Si,"-51,32%",-142%,-51%,"0,00",0,"-2,50%",0
,08/21/2019,"35,13","35,48",Si,"36,75","3,58%","35,13","-0,99%",,"36,56","3,04%","2,24%",No,8904772,Si,"-27,97%",154%,73%,"1,00",1,"2,92%",1
,08/20/2019,"33,26","33,59",Si,"35,05","4,34%","32,85","-2,21%",,"34,36","2,28%","-0,21%",Si,4898851,No,"-60,37%",208%,39%,"1,00",1,"2,92%",1
,08/19/2019,"32,88","33,21",Si,"34,18","2,92%","32,58","-1,89%",,"33,33","0,36%","2,05%",No,3403858,No,"-72,47%",108%,48%,"1,00",1,"2,92%",1
,08/16/2019,"32,63","32,96",Si,"32,77","-0,57%",32,"-2,90%",0,"32,22","-2,23%","1,94%",No,2534009,No,"-79,50%",-140%,20%,"0,00",0,"-2,50%",0
,08/15/2019,"33,07","33,40",Si,"33,2","-0,60%","31,53","-5,60%",,"32,01","-4,16%","2,61%",No,4178874,No,"-66,20%",-143%,-54%,"0,00",0,"-2,50%",0
,08/14/2019,"33,39","33,72",Si,"33,88","0,46%","32,14","-4,70%",,"32,23","-4,43%","-2,99%",No,3896854,No,"-68,48%",-67%,-30%,"0,00",0,"-2,50%",0
,08/13/2019,"33,46","33,79",Si,"34,84","3,09%","33,4","-1,17%",0,"34,42","1,85%","-0,48%",Si,3782823,No,"-69,40%",120%,68%,"1,00",1,"2,92%",1
,08/12/2019,"33,47","33,80",Si,"36,1","6,79%","32,93","-2,59%",,"33,62","-0,55%","0,12%",Si,8901665,Si,"-28,00%",382%,29%,"0,00",1,"-2,50%",0
,08/09/2019,"33,3","33,63",Si,"34,1","1,39%","32,81","-2,45%",,"33,43","-0,60%","-0,27%",Si,2641658,No,"-78,63%",-1%,33%,"1,00",0,"-0,60%",0
,08/08/2019,"32,1","32,42",Si,"33,62","3,70%","31,67","-2,32%",,"33,39","2,99%","0,00%",Si,3784663,No,"-69,39%",163%,36%,"1,00",1,"2,92%",1
,08/07/2019,"32,25","32,57",Si,"32,68","0,33%","31,52","-3,23%",,"32,1","-1,45%","-1,32%",No,3776415,No,"-69,45%",-77%,11%,"0,00",0,"-2,50%",0
,08/06/2019,"34,12","34,46",Si,"34,43","-0,09%","32,01","-7,11%",,"32,68","-5,17%","1,19%",No,6060589,Si,"-50,98%",-106%,-96%,"0,00",0,"-2,50%",0
,08/05/2019,"32,9","33,23",Si,"33,75","1,57%","32,15","-3,25%",,"33,72","1,48%","-2,00%",Si,9992246,Si,"-19,18%",11%,10%,"0,00",0,"-2,50%",0
,08/02/2019,"32,53","32,86",Si,"35,21","7,17%","32,28","-1,75%",,"33,57","2,18%","14,95%",No,39770780,Si,"221,69%",409%,52%,"1,00",1,"2,92%",1
,08/01/2019,"28,99","29,28",Si,"29,14","-0,48%","27,91","-4,68%","-1,18%","28,3","-3,35%","0,00%",No,8030328,Si,"-35,04%",-134%,-29%,"0,00",0,"-2,50%",0
,07/31/2019,"28,59","28,88",Si,"29,59","2,47%","28,43","-1,54%",,"28,99","0,40%","-0,10%",Si,4222146,No,"-65,85%",76%,57%,"1,00",0,"0,40%",1
,07/30/2019,"27,61","27,89",Si,29,"3,99%","27,32","-2,03%",,"28,62","2,63%","-0,90%",Si,3728855,No,"-69,84%",184%,44%,"1,00",1,"2,92%",1
,07/29/2019,"27,8","28,08",Si,"28,32","0,86%","27,18","-3,20%",,"27,86","-0,78%","0,58%",No,3178813,No,"-74,29%",-39%,12%,"0,00",0,"-2,50%",0
,07/26/2019,"27,98","28,26",Si,"28,4","0,50%","27,3","-3,40%",,"27,64","-2,19%","1,41%",No,2727918,No,"-77,93%",-65%,6%,"0,00",0,"-2,50%",0
,07/25/2019,"27,92","28,20",Si,"27,97","-0,81%","27,23","-3,44%",,"27,59","-2,16%","0,36%",No,2253093,No,"-81,78%",-158%,5%,"0,00",0,"-2,50%",0
,07/24/2019,"26,93","27,20",Si,28,"2,94%","26,85","-1,28%",0,"27,82","2,28%","0,56%",Si,4305269,No,"-65,18%",109%,65%,"1,00",1,"2,92%",1
,07/23/2019,"26,52","26,79",Si,"26,85","0,24%","26,11","-2,52%",,"26,78","-0,02%","1,14%",No,2391702,No,"-80,65%",-83%,30%,"0,00",0,"-2,50%",0
,07/22/2019,"25,63","25,89",Si,"26,47","2,25%","25,45","-1,69%",,"26,22","1,29%","0,27%",Si,2757707,No,"-77,69%",60%,54%,"1,00",0,"1,29%",1
,07/19/2019,"25,85","26,11",Si,"26,18","0,27%","25,51","-2,29%",,"25,56","-2,10%","0,27%",No,1563655,No,"-87,35%",-81%,37%,"1,00",0,"-2,10%",0
,07/18/2019,"25,72","25,98",Si,"25,85","-0,49%","25,32","-2,53%",0,"25,78","-0,76%","-0,73%",No,1292824,No,"-89,54%",-135%,30%,"0,00",0,"-2,50%",0
,07/17/2019,"26,6","26,87",Si,"26,71","-0,58%","25,87","-3,71%",,"25,91","-3,56%","0,34%",No,1815133,No,"-85,32%",-141%,-2%,"0,00",0,"-2,50%",0
,07/16/2019,"26,66","26,93",Si,"26,99","0,24%","26,3","-2,33%",,"26,51","-1,55%","-0,04%",No,1370592,No,"-88,91%",-83%,36%,"1,00",0,"-1,55%",0
,07/15/2019,"26,58","26,85",Si,"26,89","0,16%","26,39","-1,70%",,"26,67","-0,65%","0,64%",No,1633315,No,"-86,79%",-88%,53%,"1,00",0,"-0,65%",0
,07/12/2019,"26,23","26,49",Si,"26,75","0,97%","26,13","-1,37%",0,"26,41","-0,31%","0,50%",No,1576431,No,"-87,25%",-31%,62%,"1,00",0,"-0,31%",0
,07/11/2019,"26,71","26,98",Si,"26,72","-0,95%","25,87","-4,10%",,"26,1","-3,25%","0,49%",No,2843918,No,"-77,00%",-168%,-13%,"0,00",0,"-2,50%",0
,07/10/2019,"26,96","27,23",Si,"27,37","0,52%","26,3","-3,41%",,"26,58","-2,39%","0,90%",No,2727438,No,"-77,94%",-63%,6%,"0,00",0,"-2,50%",0
,07/09/2019,"26,77","27,04",Si,"27,07","0,12%","26,51","-1,95%",,"26,72","-1,18%","0,00%",No,1792985,No,"-85,50%",-92%,46%,"1,00",0,"-1,18%",0
,07/08/2019,"27,2","27,47",Si,"27,85","1,38%","26,66","-2,96%",,"26,77","-2,56%","-0,18%",Si,2410712,No,"-80,50%",-2%,18%,"0,00",0,"-2,50%",0
,07/05/2019,"27,47","27,74",Si,"27,5","-0,88%","26,82","-3,33%",,"27,25","-1,78%","0,00%",No,1870466,No,"-84,87%",-163%,8%,"0,00",0,"-2,50%",0
,07/03/2019,"26,94","27,21",Si,"27,69","1,77%","26,94","-0,99%",,"27,47","0,96%","0,11%",Si,2329595,No,"-81,16%",25%,73%,"1,00",0,"0,96%",1
,07/02/2019,"26,8","27,07",Si,"27,16","0,34%","26,41","-2,43%",,"26,91","-0,58%","0,45%",No,2753225,No,"-77,73%",-76%,33%,"1,00",0,"-0,58%",0
,07/01/2019,"27,6","27,88",Si,"28,05","0,62%","26,44","-5,15%",,"26,68","-4,29%","1,40%",No,3755550,No,"-69,62%",-56%,-42%,"0,00",0,"-2,50%",0
,06/28/2019,"27,37","27,64",Si,"27,65","0,02%","26,6","-3,78%",,"27,22","-1,53%","0,51%",No,2714483,No,"-78,04%",-98%,-4%,"0,00",0,"-2,50%",0
,06/27/2019,"26,33","26,59",Si,"27,37","2,92%","26,3","-1,10%",0,"27,23","2,39%","0,38%",Si,2281793,No,"-81,54%",107%,70%,"1,00",0,"2,39%",1
,06/26/2019,"26,37","26,63",Si,"26,69","0,21%","25,86","-2,90%",,"26,23","-1,52%","0,88%",No,1959980,No,"-84,15%",-85%,20%,"0,00",0,"-2,50%",0
,06/25/2019,"26,55","26,82",Si,"27,09","1,02%","25,82","-3,71%",,"26,14","-2,52%","-0,52%",Si,2661477,No,"-78,47%",-27%,-2%,"0,00",0,"-2,50%",0
,06/24/2019,"27,98","28,26",Si,"28,11","-0,53%","26,57","-5,98%",,"26,69","-5,55%","0,00%",No,3242884,No,"-73,77%",-138%,-65%,"0,00",0,"-2,50%",0
,06/21/2019,"27,32","27,59",Si,"27,98","1,40%","27,22","-1,35%",,"27,98","1,40%","-0,80%",Si,5794571,Si,"-53,13%",0%,63%,"1,00",0,"1,40%",1
,06/20/2019,"28,84","29,13",Si,"29,08","-0,17%","27,44","-5,80%",,"27,54","-5,45%","2,67%",No,3975897,No,"-67,84%",-112%,-60%,"0,00",0,"-2,50%",0
,06/19/2019,29,"29,29",Si,"29,1","-0,65%","27,56","-5,91%",,"28,09","-4,10%","0,69%",No,3978779,No,"-67,82%",-146%,-63%,"0,00",0,"-2,50%",0
,06/18/2019,"29,46","29,75",Si,"29,81","0,19%","28,22","-5,16%",,"28,8","-3,21%","5,78%",No,8769861,Si,"-29,06%",-87%,-42%,"0,00",0,"-2,50%",0
,06/17/2019,"27,66","27,94",Si,"28,73","2,84%","27,33","-2,17%",,"27,85","-0,31%","0,91%",Si,4439515,No,"-64,09%",102%,40%,"1,00",0,"-0,31%",0
,06/14/2019,"26,9","27,17",Si,"27,96","2,91%","26,5","-2,46%",,"27,41","0,89%","-0,19%",Si,2630341,No,"-78,72%",107%,32%,"1,00",0,"0,89%",1
,06/13/2019,"27,29","27,56",Si,"27,36","-0,74%","26,67","-3,24%",,"26,95","-2,22%","0,89%",No,1629478,No,"-86,82%",-152%,11%,"0,00",0,"-2,50%",0
,06/12/2019,"26,23","26,49",Si,"27,5","3,80%","26,21","-1,07%",,"27,05","2,11%","-0,94%",Si,3160458,No,"-74,44%",170%,71%,"1,00",1,"2,92%",1
,06/11/2019,"28,18","28,46",Si,"28,19","-0,95%","26,17","-8,05%",,"26,48","-6,96%","0,86%",No,4268960,No,"-65,47%",-168%,-122%,"0,00",0,"-2,50%",0
,06/10/2019,"27,84","28,12",Si,"28,95","2,96%","27,07","-3,73%",,"27,94","-0,63%","0,83%",Si,5750928,Si,"-53,48%",110%,-3%,"0,00",1,"-2,50%",0
,06/07/2019,26,"26,26",Si,"27,74","5,64%","25,97","-1,10%",,"27,61","5,14%","0,74%",Si,6580200,Si,"-46,77%",300%,70%,"1,00",1,"2,92%",1
,06/06/2019,"24,94","25,19",No,"25,97","3,10%","24,91","-1,11%",0,"25,81","2,46%","0,00%",Si,3573674,No,"-71,09%",120%,69%,"1,00",1,"2,92%",1
,06/05/2019,"24,52","24,77",No,"25,07","1,23%","23,91","-3,45%",,"24,94","0,71%","1,32%",No,2703200,No,"-78,13%",-13%,5%,"0,00",0,"-2,50%",0
,06/04/2019,"24,86","25,11",No,"24,95","-0,63%","24,07","-4,14%",,"24,2","-3,62%","1,89%",No,3687129,No,"-70,18%",-145%,-14%,"0,00",0,"-2,50%",0
,06/03/2019,"24,98","25,23",No,"25,14","-0,36%","24,23","-3,96%",,"24,4","-3,29%","0,24%",No,3691346,No,"-70,14%",-125%,-9%,"0,00",0,"-2,50%",0
,05/31/2019,"24,99","25,24",No,"25,63","1,55%","24,75","-1,94%",,"24,92","-1,27%","-2,04%",Si,2618033,No,"-78,82%",10%,46%,"1,00",0,"-1,27%",0
,05/30/2019,"25,54","25,80",Si,"25,89","0,37%","25,13","-2,58%",0,"25,51","-1,11%","-0,16%",No,1982248,No,"-83,97%",-74%,29%,"0,00",0,"-2,50%",0
,05/29/2019,"25,42","25,67",Si,"25,78","0,41%","24,95","-2,82%",0,"25,58","-0,37%","-1,47%",No,2537695,No,"-79,47%",-71%,22%,"0,00",0,"-2,50%",0
,05/28/2019,"25,65","25,91",Si,"26,38","1,83%","25,41","-1,92%",,"25,8","-0,41%","0,59%",Si,4550898,No,"-63,19%",30%,47%,"1,00",0,"-0,41%",0
,05/24/2019,24,"24,24",No,"25,99","7,22%","23,89","-1,44%",,"25,5","5,20%","0,84%",Si,7738310,Si,"-37,41%",413%,60%,"1,00",1,"2,92%",1
,05/23/2019,"24,15","24,39",No,"24,33","-0,25%","23,6","-3,24%",,"23,8","-2,43%","-1,83%",No,4718209,No,"-61,84%",-118%,11%,"0,00",0,"-2,50%",0
,05/22/2019,"25,3","25,55",Si,"25,34","-0,83%","24,1","-5,69%",,"24,6","-3,73%","-0,43%",No,7955700,Si,"-35,65%",-159%,-57%,"0,00",0,"-2,50%",0
,05/21/2019,"26,3","26,56",Si,"26,55","-0,05%","25,3","-4,75%",,"25,41","-4,34%","1,74%",No,6481745,Si,"-47,57%",-103%,-31%,"0,00",0,"-2,50%",0
,05/20/2019,"27,24","27,51",Si,"27,24","-0,99%","25,71","-6,55%","-3,05%","25,85","-6,04%","2,02%",No,7269165,Si,"-41,20%",-170%,-81%,"0,00",0,"-2,50%",0
,05/17/2019,"25,87","26,13",Si,"28,12","7,62%","25,7","-1,64%",,"26,7","2,19%","-16,17%",Si,26271830,Si,"112,51%",441%,55%,"1,00",1,"2,92%",1
,05/16/2019,"28,85","29,14",Si,"31,15","6,90%","28,45","-2,36%",0,"30,86","5,91%","0,77%",Si,17612030,Si,"42,46%",390%,35%,"1,00",1,"2,92%",1
,05/15/2019,"28,95","29,24",Si,"29,1","-0,48%","28,13","-3,79%","-0,30%","28,63","-2,08%","-0,14%",No,4492807,No,"-63,66%",-134%,-5%,"0,00",0,"-2,50%",0
,05/14/2019,"27,41","27,68",Si,"29,02","4,83%","27,02","-2,40%",,"28,99","4,72%","2,93%",No,7075119,Si,"-42,77%",243%,34%,"1,00",1,"2,92%",1
,05/13/2019,"27,8","28,08",Si,28,"-0,28%","26,39","-6,01%",,"26,63","-5,16%","-4,30%",No,9111335,Si,"-26,30%",-120%,-66%,"0,00",0,"-2,50%",0
,05/10/2019,"29,08","29,37",Si,"29,45","0,27%","27,66","-5,82%",,"29,05","-1,09%","1,15%",No,5708972,Si,"-53,82%",-81%,-61%,"0,00",0,"-2,50%",0
,05/09/2019,"29,09","29,38",Si,"29,26","-0,41%","28,42","-3,27%",,"28,75","-2,15%","-1,42%",No,4507184,No,"-63,54%",-129%,10%,"0,00",0,"-2,50%",0
,05/08/2019,"28,46","28,74",Si,"30,2","5,06%","28,37","-1,30%",,"29,51","2,66%","-0,80%",Si,7115865,Si,"-42,44%",260%,64%,"1,00",1,"2,92%",1
,05/07/2019,"29,67","29,97",Si,"29,75","-0,72%","28,16","-6,03%",,"28,69","-4,26%","0,58%",No,6310894,Si,"-48,95%",-151%,-66%,"0,00",0,"-2,50%",0
,05/06/2019,"27,67","27,95",Si,30,"7,35%","26,9","-3,75%",,"29,5","5,56%","-2,43%",Si,9930570,Si,"-19,67%",422%,-3%,"0,00",1,"-2,50%",0
,05/03/2019,"29,55","29,85",Si,"30,55","2,36%","28,12","-5,78%",,"28,36","-4,98%","-0,64%",Si,10610960,Si,"-14,17%",68%,-59%,"0,00",0,"-2,50%",0
,05/02/2019,"31,62","31,94",Si,"31,68","-0,80%","28,86","-9,63%","-6,14%","29,74","-6,88%","1,25%",No,14052370,Si,"13,67%",-157%,-166%,"0,00",0,"-2,50%",0
,05/01/2019,"31,5","31,82",Si,"32,89","3,38%","30,5","-4,13%",,"31,23","-1,84%","1,68%",No,13981320,Si,"13,09%",140%,-14%,"0,00",1,"-2,50%",0
,04/30/2019,"35,2","35,55",Si,"35,29","-0,74%","30,53","-14,13%",,"30,98","-12,86%","2,74%",No,35833410,Si,"189,85%",-152%,-290%,"0,00",0,"-2,50%",0
,04/29/2019,"30,77","31,08",Si,"34,41","10,72%","29,86","-3,92%",,"34,26","10,24%","3,08%",No,25560010,Si,"106,75%",661%,-8%,"0,00",1,"-2,50%",0
,04/26/2019,"29,84","30,14",Si,"30,68","1,80%","28,37","-5,87%","-2,37%","29,85","-0,96%","3,61%",No,16809650,Si,"35,97%",28%,-62%,"0,00",0,"-2,50%",0
,04/25/2019,"27,45","27,72",Si,"29,4","6,04%","26,67","-3,80%",,"28,8","3,88%","2,43%",No,16605270,Si,"34,32%",329%,-5%,"0,00",1,"-2,50%",0
,04/24/2019,"26,5","26,77",Si,"27,03","0,99%","25,93","-3,12%",0,"26,8","0,13%","2,51%",No,9458445,Si,"-23,49%",-30%,14%,"0,00",0,"-2,50%",0
,04/23/2019,"25,38","25,63",Si,"27,75","8,26%","25,23","-1,58%",,"25,85","0,84%","1,56%",No,19218110,Si,"55,45%",486%,57%,"1,00",1,"2,92%",1
,04/22/2019,"24,62","24,87",No,"25,68","3,27%","23,57","-5,21%",,"24,99","0,50%","0,90%",Si,19719610,Si,"59,51%",132%,-44%,"0,00",1,"-2,50%",0
,04/18/2019,"23,75","23,99",No,"25,18","4,97%","23,05","-3,91%",,"24,4","1,72%",#DIV/0!,#DIV/0!,87042240,Si,"604,06%",253%,-8%,"0,00",1,"-2,50%",0
,,,,,,"1,41%",,"-3,63%",,,,,,"12362885,72",,,,,,,,
,,,,,Cantidad de veces que el Low excedi el stop lost,,,,48,,,,,,,,,,,,,
,,,,,Cantidad de operaciones,,,,198,,,,,,"0,50%","78,35%",Ganadoras,,,,,
,,,,,Rateo de veces que sucede,,,,"24,24%",,,,,,,"21,65%",Perdedoras,,,,,
,Desvio Estandard,,,,% que excede el SL,,,,"-99,19%",,,,,,,"100,05%",Rdo Final,,,,,
,"1,08%",,,,Promedio de exceso,,,,"-2,07%",,,,,,,,,,,,,
,"4,00%",,,,,,,,,,,,,,"0,90%","79,33%",Ganadoras,,,,,
,"1,82%",,,,,,,,,,,,,,,"20,67%",Perdedoras,,,,,
,"1,60%",,,,,,,,,,,,,,,"67,28%",Rdo Final,,,,,
,"1,09%",,,,,,,,,,,,,,,,,,,,,
,"1,18%",,,,,,,,,,,,,,"1,00%","77,78%",Ganadoras,,,,,
,"5,41%",,,,,,,,,,,,,,,"22,22%",Perdedoras,,,,,
,"2,40%",,,,,,,,,,,,,,,"58,29%",Rdo Final,,,,,
,"1,17%",,,,,,,,,,,,,,,,,,,,,
,"1,84%",,,,,,,,,,,,,,"1,10%","78,02%",Ganadoras,,,,,
,"1,14%",,,,,,,,,,,,,,,"21,98%",Perdedoras,,,,,
,"1,33%",,,,,,,,,,,,,,,"45,30%",Rdo Final,,,,,
,"2,22%",,,,,,,,,,,,,,,,,,,,,
,"5,44%",,,,,,,,,,,,,,"1,50%","72,93%",Ganadoras,,,,,
,"2,62%",,,,,,,,,,,,,,,"27,07%",Perdedoras,,,,,
,"1,18%",,,,,,,,,,,,,,,"13,58%",Rdo Final,,,,,
,"2,08%",,,,,,,,,,,,,,,,,,,,,
,"1,33%",,,,,,,,,,,,,,,,,,,,,
,"2,18%",,,,,,,,,,,,,,,,,,,,,
,"3,07%",,,,,,,,,,,,,,,,,,,,,
,"1,68%",,,,,,,,,,,,,,,,,,,,,
,"1,19%",,,,,,,,,,,,,,,,,,,,,
,"2,66%",,,,,,,,,,,,,,,,,,,,,
,"4,25%",,,,,,,,,,,,,,,,,,,,,
,"2,61%",,,,,,,,,,,,,,,,,,,,,
,"3,35%",,,,,,,,,,,,,,,,,,,,,
,"6,95%",,,,,,,,,,,,,,,,,,,,,
,"1,77%",,,,,,,,,,,,,,,,,,,,,
,"1,91%",,,,,,,,,,,,,,,,,,,,,
,"1,46%",,,,,,,,,,,,,,,,,,,,,
,"1,92%",,,,,,,,,,,,,,,,,,,,,
,"3,89%",,,,,,,,,,,,,,,,,,,,,
,"2,56%",,,,,,,,,,,,,,,,,,,,,
,"1,92%",,,,,,,,,,,,,,,,,,,,,
,"2,78%",,,,,,,,,,,,,,,,,,,,,
,"1,01%",,,,,,,,,,,,,,,,,,,,,
,"4,46%",,,,,,,,,,,,,,,,,,,,,
,"3,43%",,,,,,,,,,,,,,,,,,,,,
,"3,25%",,,,,,,,,,,,,,,,,,,,,
,"13,10%",,,,,,,,,,,,,,,,,,,,,
,"1,14%",,,,,,,,,,,,,,,,,,,,,
,"1,81%",,,,,,,,,,,,,,,,,,,,,
,"4,07%",,,,,,,,,,,,,,,,,,,,,
,"1,54%",,,,,,,,,,,,,,,,,,,,,
,"2,78%",,,,,,,,,,,,,,,,,,,,,
,"4,44%",,,,,,,,,,,,,,,,,,,,,
,"1,92%",,,,,,,,,,,,,,,,,,,,,
,"4,42%",,,,,,,,,,,,,,,,,,,,,
,"2,47%",,,,,,,,,,,,,,,,,,,,,
,"1,18%",,,,,,,,,,,,,,,,,,,,,
,"4,52%",,,,,,,,,,,,,,,,,,,,,
,"1,19%",,,,,,,,,,,,,,,,,,,,,
,"2,32%",,,,,,,,,,,,,,,,,,,,,
,"2,01%",,,,,,,,,,,,,,,,,,,,,
,"1,88%",,,,,,,,,,,,,,,,,,,,,
,"1,27%",,,,,,,,,,,,,,,,,,,,,
,"5,04%",,,,,,,,,,,,,,,,,,,,,
,"3,00%",,,,,,,,,,,,,,,,,,,,,
,"3,20%",,,,,,,,,,,,,,,,,,,,,
,"4,37%",,,,,,,,,,,,,,,,,,,,,
,"2,39%",,,,,,,,,,,,,,,,,,,,,
,"1,95%",,,,,,,,,,,,,,,,,,,,,
,"1,63%",,,,,,,,,,,,,,,,,,,,,
,"1,80%",,,,,,,,,,,,,,,,,,,,,
,"2,37%",,,,,,,,,,,,,,,,,,,,,
,"2,04%",,,,,,,,,,,,,,,,,,,,,
,"1,08%",,,,,,,,,,,,,,,,,,,,,
,"3,22%",,,,,,,,,,,,,,,,,,,,,
,"3,83%",,,,,,,,,,,,,,,,,,,,,
,"1,66%",,,,,,,,,,,,,,,,,,,,,
,"2,68%",,,,,,,,,,,,,,,,,,,,,
,"2,51%",,,,,,,,,,,,,,,,,,,,,
,"2,08%",,,,,,,,,,,,,,,,,,,,,
,"3,94%",,,,,,,,,,,,,,,,,,,,,
,"1,31%",,,,,,,,,,,,,,,,,,,,,
,"3,41%",,,,,,,,,,,,,,,,,,,,,
,"9,02%",,,,,,,,,,,,,,,,,,,,,
,"1,59%",,,,,,,,,,,,,,,,,,,,,
,"3,84%",,,,,,,,,,,,,,,,,,,,,
,"3,73%",,,,,,,,,,,,,,,,,,,,,
,"1,21%",,,,,,,,,,,,,,,,,,,,,
,"1,33%",,,,,,,,,,,,,,,,,,,,,
,"2,44%",,,,,,,,,,,,,,,,,,,,,
,"5,76%",,,,,,,,,,,,,,,,,,,,,
,"1,04%",,,,,,,,,,,,,,,,,,,,,
,"2,70%",,,,,,,,,,,,,,,,,,,,,
,"2,88%",,,,,,,,,,,,,,,,,,,,,
,"2,63%",,,,,,,,,,,,,,,,,,,,,
,"6,82%",,,,,,,,,,,,,,,,,,,,,
,"1,80%",,,,,,,,,,,,,,,,,,,,,
,"1,25%",,,,,,,,,,,,,,,,,,,,,
,"1,82%",,,,,,,,,,,,,,,,,,,,,
,"1,09%",,,,,,,,,,,,,,,,,,,,,
,"1,26%",,,,,,,,,,,,,,,,,,,,,
,"2,77%",,,,,,,,,,,,,,,,,,,,,
,"1,00%",,,,,,,,,,,,,,,,,,,,,
,"4,76%",,,,,,,,,,,,,,,,,,,,,
,"2,53%",,,,,,,,,,,,,,,,,,,,,
,"3,35%",,,,,,,,,,,,,,,,,,,,,
,"4,57%",,,,,,,,,,,,,,,,,,,,,
,"2,75%",,,,,,,,,,,,,,,,,,,,,
,"6,79%",,,,,,,,,,,,,,,,,,,,,
,"1,57%",,,,,,,,,,,,,,,,,,,,,
,"1,40%",,,,,,,,,,,,,,,,,,,,,
,"2,96%",,,,,,,,,,,,,,,,,,,,,
,"5,64%",,,,,,,,,,,,,,,,,,,,,
,"7,62%",,,,,,,,,,,,,,,,,,,,,
,"6,90%",,,,,,,,,,,,,,,,,,,,,
,"5,06%",,,,,,,,,,,,,,,,,,,,,
,"7,35%",,,,,,,,,,,,,,,,,,,,,
,"2,36%",,,,,,,,,,,,,,,,,,,,,