,,,"1,00%",,"1,17%","2,15%",,"-1,51%",,,,,,,,,,,,,
,Date,Open,Open +1%,Cond. Precio,High,% Mov.,Low,% Mov.,Close,% Cierre,Gap,Operable,Volume,Cond. Vol,Com. Prom,Com. High,Com. Low,Rdo del dia c/ SL Prom,Rdo del dia c/ TP Prom,Resultados,Resultado
,08/11/2021,"58,19","58,77",Si,"58,5","-0,46%","57,72","-1,79%","58,35","-0,72%","0,02%",No,18278631,Si,"-32,75%",-218%,21%,"0,00",0,"-1,51%",0
,08/10/2021,"57,42","57,99",Si,"58,36","0,63%","57,3","-1,20%","58,18","0,32%","0,38%",No,16340240,Si,"-39,88%",60%,47%,"1,00",0,"0,32%",1
,08/09/2021,"57,13","57,70",Si,"57,52","-0,31%","56,83","-1,51%","57,2","-0,87%","-1,26%",No,17828211,Si,"-34,41%",-180%,33%,"1,00",0,"-0,87%",0
,08/06/2021,"57,66","58,24",Si,"58,07","-0,29%","57,53","-1,21%","57,86","-0,65%","0,80%",No,14888490,Si,"-45,22%",-173%,46%,"1,00",0,"-0,65%",0
,08/05/2021,"57,13","57,70",Si,"57,7","0,00%","56,83","-1,51%","57,2","-0,87%","0,51%",No,15180190,Si,"-44,15%",-101%,33%,"1,00",0,"-0,87%",0
,08/04/2021,"57,19","57,76",Si,"57,88","0,20%","56,81","-1,65%","56,84","-1,60%","-1,74%",No,20868320,Si,"-23,22%",-48%,27%,"0,00",0,"-1,51%",0
,08/03/2021,"57,57","58,15",Si,"58,41","0,45%","56,93","-2,09%","58,2","0,09%","-0,02%",No,18208180,Si,"-33,01%",16%,8%,"0,00",0,"-1,51%",0
,08/02/2021,"57,55","58,13",Si,"59,06","1,61%","57,4","-1,25%","57,58","-0,94%","-0,03%",Si,20873770,Si,"-23,20%",309%,45%,"1,00",0,"-0,94%",0
,07/30/2021,"58,88","59,47",Si,"58,88","-0,99%","57,32","-3,61%","57,57","-3,19%","-0,08%",No,28652811,Si,"5,42%",-352%,-59%,"0,00",0,"-1,51%",0
,07/29/2021,59,"59,59",Si,"59,33","-0,44%","58,56","-1,73%","58,93","-1,11%","1,34%",No,18607820,Si,"-31,54%",-211%,24%,"0,00",0,"-1,51%",0
,07/28/2021,58,"58,58",Si,"58,63","0,09%","57,62","-1,64%","58,22","-0,61%","0,29%",No,16855289,Si,"-37,99%",-78%,28%,"0,00",0,"-1,51%",0
,07/27/2021,"58,01","58,59",Si,"58,01","-0,99%","57,21","-2,36%","57,83","-1,30%","-0,80%",No,16861420,Si,"-37,96%",-352%,-4%,"0,00",0,"-1,51%",0
,07/26/2021,"57,16","57,73",Si,"58,65","1,59%",57,"-1,27%","58,48","1,30%","0,21%",Si,18387609,Si,"-32,35%",305%,44%,"1,00",0,"1,30%",1
,07/23/2021,"57,29","57,86",Si,"57,29","-0,99%","56,47","-2,41%","57,04","-1,42%","0,32%",No,14088190,Si,"-48,17%",-352%,-6%,"0,00",0,"-1,51%",0
,07/22/2021,"57,73","58,31",Si,"57,74","-0,97%","56,66","-2,83%","57,11","-2,05%","-0,05%",No,13493810,Si,"-50,35%",-348%,-25%,"0,00",0,"-1,51%",0
,07/21/2021,"56,86","57,43",Si,"58,3","1,52%","56,83","-1,04%","57,76","0,58%","1,61%",No,20908730,Si,"-23,07%",286%,54%,"1,00",0,"0,58%",1
,07/20/2021,"55,5","56,06",Si,"56,6","0,97%","55,03","-1,83%","55,96","-0,17%","0,27%",No,26756119,Si,"-1,56%",147%,19%,"0,00",0,"-1,51%",0
,07/19/2021,"55,64","56,20",Si,"56,2","0,01%","54,6","-2,84%","55,35","-1,51%","-2,93%",No,37969059,Si,"39,69%",-98%,-25%,"0,00",0,"-1,51%",0
,07/16/2021,"59,18","59,77",Si,"59,26","-0,86%","57,15","-4,39%","57,32","-4,10%","0,39%",No,27049510,Si,"-0,48%",-318%,-93%,"0,00",0,"-1,51%",0
,07/15/2021,"59,17","59,76",Si,"59,7","-0,10%","58,77","-1,66%","58,95","-1,36%","-0,60%",No,15851100,Si,"-41,68%",-126%,27%,"0,00",0,"-1,51%",0
,07/14/2021,"61,17","61,78",Si,"61,73","-0,08%","59,36","-3,92%","59,53","-3,64%","0,48%",No,21573590,Si,"-20,63%",-121%,-73%,"0,00",0,"-1,51%",0
,07/13/2021,61,"61,61",Si,"61,51","-0,16%","60,51","-1,79%","60,88","-1,18%","-0,28%",No,17147350,Si,"-36,91%",-141%,21%,"0,00",0,"-1,51%",0
,07/12/2021,"60,42","61,02",Si,"61,5","0,78%","60,16","-1,42%","61,17","0,24%","-1,32%",No,21809420,Si,"-19,76%",98%,38%,"1,00",0,"0,24%",1
,07/09/2021,"60,7","61,31",Si,"61,45","0,23%","60,24","-1,74%","61,23","-0,13%","0,93%",No,20085990,Si,"-26,10%",-41%,23%,"0,00",0,"-1,51%",0
,07/08/2021,"59,45","60,04",Si,"60,71","1,11%","59,31","-1,22%","60,14","0,16%","-1,59%",Si,18935949,Si,"-30,33%",182%,46%,"1,00",0,"0,16%",1
,07/07/2021,"61,18","61,79",Si,"61,81","0,03%","59,62","-3,51%","60,41","-2,24%","-0,31%",No,21671391,Si,"-20,27%",-93%,-55%,"0,00",0,"-1,51%",0
,07/06/2021,"62,75","63,38",Si,"62,76","-0,97%","60,9","-3,91%","61,37","-3,17%","-0,66%",No,22110789,Si,"-18,65%",-348%,-72%,"0,00",0,"-1,51%",0
,07/02/2021,"63,01","63,64",Si,"63,32","-0,50%","62,42","-1,92%","63,17","-0,74%","-0,40%",No,14569540,Si,"-46,40%",-228%,15%,"0,00",0,"-1,51%",0
,07/01/2021,"64,33","64,97",Si,"64,42","-0,85%","62,77","-3,39%","63,26","-2,64%","1,98%",No,22530260,Si,"-17,11%",-317%,-50%,"0,00",0,"-1,51%",0
,06/30/2021,"62,7","63,33",Si,"63,23","-0,15%","62,45","-1,38%","63,08","-0,39%","0,13%",No,17875490,Si,"-34,23%",-139%,39%,"1,00",0,"-0,39%",0
,06/29/2021,"63,21","63,84",Si,"63,77","-0,11%","62,59","-1,96%","62,62","-1,91%","0,32%",No,19579250,Si,"-27,97%",-129%,14%,"0,00",0,"-1,51%",0
,06/28/2021,"64,56","65,21",Si,"64,56","-0,99%","62,75","-3,77%","63,01","-3,37%","-0,15%",No,20570051,Si,"-24,32%",-352%,-66%,"0,00",0,"-1,51%",0
,06/25/2021,"64,61","65,26",Si,"64,93","-0,50%","64,36","-1,37%","64,66","-0,91%","0,14%",No,18438311,Si,"-32,16%",-227%,39%,"1,00",0,"-0,91%",0
,06/24/2021,"64,15","64,79",Si,"64,56","-0,36%","63,81","-1,51%","64,52","-0,42%","-0,17%",No,19568381,Si,"-28,01%",-191%,33%,"0,00",0,"-1,51%",0
,06/23/2021,"64,05","64,69",Si,"64,7","0,01%","63,58","-1,72%","64,26","-0,67%","0,41%",No,20701590,Si,"-23,84%",-96%,24%,"0,00",0,"-1,51%",0
,06/22/2021,"62,85","63,48",Si,"64,01","0,84%","62,23","-1,97%","63,79","0,49%","0,42%",No,25140400,Si,"-7,51%",113%,13%,"0,00",0,"-1,51%",0
,06/21/2021,"60,93","61,54",Si,"62,7","1,89%","60,9","-1,04%","62,59","1,71%","0,88%",Si,33145430,Si,"21,95%",380%,54%,"1,00",0,"1,71%",1
,06/18/2021,61,"61,61",Si,"61,55","-0,10%","60,24","-2,22%","60,4","-1,96%","-1,60%",No,39590711,Si,"45,66%",-125%,2%,"0,00",0,"-1,51%",0
,06/17/2021,"63,86","64,50",Si,"64,46","-0,06%","61,27","-5,01%","61,99","-3,89%","-0,37%",No,28491850,Si,"4,83%",-115%,-121%,"0,00",0,"-1,51%",0
,06/16/2021,"64,32","64,96",Si,"64,8","-0,25%","63,56","-2,16%","64,1","-1,33%","-0,02%",No,24803170,Si,"-8,75%",-164%,5%,"0,00",0,"-1,51%",0
,06/15/2021,"62,48","63,10",Si,"64,4","2,05%","62,35","-1,20%","64,33","1,94%","0,66%",Si,30717109,Si,"13,01%",422%,47%,"1,00",0,"1,94%",1
,06/14/2021,"62,3","62,92",Si,"62,78","-0,23%","61,57","-2,15%","62,07","-1,36%","0,21%",No,16997230,Si,"-37,46%",-158%,5%,"0,00",0,"-1,51%",0
,06/11/2021,"63,01","63,64",Si,"63,19","-0,71%","62,14","-2,36%","62,17","-2,31%","0,41%",No,17631711,Si,"-35,13%",-280%,-4%,"0,00",0,"-1,51%",0
,06/10/2021,"63,61","64,25",Si,"63,98","-0,41%","62,25","-3,11%","62,75","-2,33%","1,53%",No,27488721,Si,"1,13%",-205%,-37%,"0,00",0,"-1,51%",0
,06/09/2021,"62,67","63,30",Si,"63,42","0,19%","62,19","-1,75%","62,65","-1,02%","0,87%",No,29133010,Si,"7,18%",-50%,23%,"0,00",0,"-1,51%",0
,06/08/2021,"61,5","62,12",Si,"62,48","0,59%","60,67","-2,33%","62,13","0,02%","0,74%",No,28953430,Si,"6,52%",50%,-3%,"0,00",0,"-1,51%",0
,06/07/2021,"61,33","61,94",Si,"61,73","-0,34%","61,02","-1,49%","61,05","-1,44%","-0,20%",No,15477930,Si,"-43,05%",-188%,34%,"1,00",0,"-1,44%",0
,06/04/2021,"61,46","62,07",Si,"61,7","-0,60%","60,78","-2,09%","61,45","-1,01%","0,46%",No,20427830,Si,"-24,84%",-254%,8%,"0,00",0,"-1,51%",0
,06/03/2021,"60,55","61,16",Si,"61,41","0,42%","60,35","-1,32%","61,18","0,04%","-0,64%",No,20272750,Si,"-25,41%",6%,42%,"1,00",0,"0,04%",1
,06/02/2021,"60,75","61,36",Si,"61,31","-0,08%","60,17","-1,94%","60,94","-0,68%","0,48%",No,22978320,Si,"-15,46%",-120%,15%,"0,00",0,"-1,51%",0
,06/01/2021,"59,45","60,04",Si,"60,7","1,09%","59,45","-0,99%","60,46","0,69%","1,85%",No,28474170,Si,"4,76%",178%,56%,"1,00",0,"0,69%",1
,05/28/2021,"58,73","59,32",Si,"58,8","-0,87%","58,11","-2,04%","58,37","-1,60%","0,29%",No,19250010,Si,"-29,18%",-322%,10%,"0,00",0,"-1,51%",0
,05/27/2021,"59,23","59,82",Si,"59,7","-0,20%","58,02","-3,01%","58,56","-2,11%","0,49%",No,33556031,Si,"23,46%",-152%,-33%,"0,00",0,"-1,51%",0
,05/26/2021,"58,25","58,83",Si,"59,12","0,49%","57,9","-1,59%","58,94","0,18%","-0,02%",No,21698689,Si,"-20,17%",24%,30%,"0,00",0,"-1,51%",0
,05/25/2021,"59,5","60,10",Si,"59,54","-0,92%","58,12","-3,29%","58,26","-3,05%","-0,18%",No,25616109,Si,"-5,75%",-335%,-45%,"0,00",0,"-1,51%",0
,05/24/2021,"59,08","59,67",Si,"59,8","0,22%","58,69","-1,64%","59,61","-0,10%","0,27%",No,18400270,Si,"-32,30%",-45%,28%,"0,00",0,"-1,51%",0
,05/21/2021,"59,42","60,01",Si,"59,83","-0,31%","58,85","-1,94%","58,92","-1,82%","0,99%",No,20792670,Si,"-23,50%",-178%,14%,"0,00",0,"-1,51%",0
,05/20/2021,"58,95","59,54",Si,"59,15","-0,65%","58,24","-2,18%","58,84","-1,17%","-0,05%",No,20692500,Si,"-23,87%",-266%,4%,"0,00",0,"-1,51%",0
,05/19/2021,"59,1","59,69",Si,"59,86","0,28%","58,42","-2,13%","58,98","-1,19%","-2,20%",No,28889811,Si,"6,29%",-28%,6%,"0,00",0,"-1,51%",0
,05/18/2021,62,"62,62",Si,"62,3","-0,51%","60,4","-3,55%","60,43","-3,50%","-0,31%",No,25170801,Si,"-7,39%",-230%,-56%,"0,00",0,"-1,51%",0
,05/17/2021,"60,54","61,15",Si,"62,25","1,81%","60,43","-1,17%","62,19","1,71%","-0,38%",Si,25240801,Si,"-7,14%",360%,48%,"1,00",0,"1,71%",1
,05/14/2021,"59,93","60,53",Si,"60,88","0,58%","59,93","-0,99%","60,77","0,40%","1,06%",No,20735400,Si,"-23,71%",47%,56%,"1,00",0,"0,40%",1
,05/13/2021,59,"59,59",Si,"60,45","1,44%","58,75","-1,41%","59,3","-0,49%","-1,73%",Si,24268230,Si,"-10,71%",267%,38%,"1,00",0,"-0,49%",0
,05/12/2021,"60,01","60,61",Si,"61,68","1,77%","59,75","-1,42%","60,04","-0,94%","-0,96%",Si,34426480,Si,"26,66%",349%,37%,"1,00",0,"-0,94%",0
,05/11/2021,"61,63","62,25",Si,"62,39","0,23%","60,39","-2,98%","60,59","-2,66%","-1,52%",No,34563770,Si,"27,16%",-41%,-32%,"0,00",0,"-1,51%",0
,05/10/2021,"63,24","63,87",Si,"64,02","0,23%","62,53","-2,10%","62,58","-2,02%","1,30%",No,31956561,Si,"17,57%",-41%,7%,"0,00",0,"-1,51%",0
,05/07/2021,"61,07","61,68",Si,"62,47","1,28%","60,85","-1,35%","62,43","1,21%","-0,78%",Si,33610609,Si,"23,66%",226%,41%,"1,00",0,"1,21%",1
,05/06/2021,"60,86","61,47",Si,"61,64","0,28%","60,03","-2,34%","61,55","0,13%","-0,18%",No,26836750,Si,"-1,26%",-29%,-3%,"0,00",0,"-1,51%",0
,05/05/2021,"59,77","60,37",Si,"61,05","1,13%","59,4","-1,60%","60,97","1,00%","0,98%",Si,31526221,Si,"15,99%",188%,29%,"0,00",0,"-1,51%",0
,05/04/2021,59,"59,59",Si,"59,5","-0,15%","58,51","-1,81%","59,19","-0,67%","0,31%",No,23522221,Si,"-13,46%",-138%,20%,"0,00",0,"-1,51%",0
,05/03/2021,"57,98","58,56",Si,"58,99","0,73%","57,74","-1,40%","58,82","0,44%","1,29%",No,20509580,Si,"-24,54%",87%,38%,"1,00",0,"0,44%",1
,04/30/2021,"58,33","58,91",Si,"58,89","-0,04%","57,16","-2,98%","57,24","-2,84%","-1,03%",No,30518359,Si,"12,28%",-110%,-31%,"0,00",0,"-1,51%",0
,04/29/2021,"58,92","59,51",Si,"59,48","-0,05%","58,15","-2,28%","58,94","-0,96%","1,39%",No,27318359,Si,"0,51%",-112%,-1%,"0,00",0,"-1,51%",0
,04/28/2021,"56,91","57,48",Si,"58,46","1,71%","56,79","-1,20%","58,11","1,10%","0,89%",Si,24729801,Si,"-9,02%",334%,47%,"1,00",0,"1,10%",1
,04/27/2021,"56,01","56,57",Si,"56,63","0,11%","55,81","-1,34%","56,41","-0,28%","0,59%",No,19278580,Si,"-29,07%",-73%,41%,"1,00",0,"-0,28%",0
,04/26/2021,"55,47","56,02",Si,"56,29","0,47%","55,44","-1,04%","55,68","-0,62%","-0,18%",No,16083790,Si,"-40,83%",20%,54%,"1,00",0,"-0,62%",0
,04/23/2021,"55,27","55,82",Si,"55,94","0,21%","55,18","-1,15%","55,57","-0,45%","0,00%",No,15341430,Si,"-43,56%",-47%,49%,"1,00",0,"-0,45%",0
,04/22/2021,"55,99","56,55",Si,"55,99","-0,99%","55,02","-2,71%","55,27","-2,26%","-0,02%",No,21600109,Si,"-20,53%",-352%,-19%,"0,00",0,"-1,51%",0
,04/21/2021,"54,5","55,05",Si,"56,13","1,97%","54,3","-1,35%",56,"1,73%","-1,43%",Si,16625590,Si,"-38,83%",401%,40%,"1,00",0,"1,73%",1
,04/20/2021,"56,47","57,03",Si,"56,47","-0,99%","54,78","-3,95%","55,29","-3,06%","-0,02%",No,21782051,Si,"-19,86%",-352%,-74%,"0,00",0,"-1,51%",0
,04/19/2021,"56,75","57,32",Si,"57,14","-0,31%","55,96","-2,37%","56,48","-1,46%","0,16%",No,21123330,Si,"-22,28%",-179%,-4%,"0,00",0,"-1,51%",0
,04/16/2021,"57,36","57,93",Si,"57,68","-0,44%","56,44","-2,58%","56,66","-2,20%","0,67%",No,22752000,Si,"-16,29%",-211%,-14%,"0,00",0,"-1,51%",0
,04/15/2021,"57,42","57,99",Si,"57,42","-0,99%","56,78","-2,09%","56,98","-1,75%","0,17%",No,23250270,Si,"-14,46%",-352%,8%,"0,00",0,"-1,51%",0
,04/14/2021,"56,41","56,97",Si,"58,01","1,82%","56,25","-1,27%","57,32","0,61%","1,26%",No,28051131,Si,"3,20%",363%,44%,"1,00",0,"0,61%",1
,04/13/2021,"55,3","55,85",Si,"55,98","0,23%","55,09","-1,37%","55,71","-0,26%","-0,36%",No,19370641,Si,"-28,73%",-42%,40%,"1,00",0,"-0,26%",0
,04/12/2021,"56,76","57,33",Si,"56,79","-0,94%","55,31","-3,52%","55,5","-3,19%","1,59%",No,20238760,Si,"-25,54%",-339%,-55%,"0,00",0,"-1,51%",0
,04/09/2021,56,"56,56",Si,"56,44","-0,21%","55,53","-1,82%","55,87","-1,22%","0,00%",No,20020750,Si,"-26,34%",-154%,20%,"0,00",0,"-1,51%",0
,04/08/2021,"55,93","56,49",Si,"56,08","-0,72%","55,32","-2,07%",56,"-0,87%","-1,17%",No,21999301,Si,"-19,06%",-284%,9%,"0,00",0,"-1,51%",0
,04/07/2021,"56,39","56,95",Si,"56,77","-0,32%","56,24","-1,25%","56,59","-0,64%","0,09%",No,22384961,Si,"-17,64%",-182%,45%,"1,00",0,"-0,64%",0
,04/06/2021,"56,84","57,41",Si,"57,54","0,23%","56,26","-2,00%","56,34","-1,86%","0,60%",No,18926270,Si,"-30,37%",-42%,12%,"0,00",0,"-1,51%",0
,04/05/2021,"57,3","57,87",Si,"57,32","-0,96%","56,14","-2,99%","56,5","-2,37%","-0,16%",No,23264840,Si,"-14,41%",-343%,-32%,"0,00",0,"-1,51%",0
,04/01/2021,"56,32","56,88",Si,"57,45","1,00%","56,14","-1,31%","57,39","0,89%","0,88%",No,23194471,Si,"-14,66%",154%,42%,"1,00",0,"0,89%",1
,03/31/2021,"56,35","56,91",Si,"56,63","-0,50%","55,8","-1,96%","55,83","-1,90%","-0,60%",No,23686449,Si,"-12,85%",-227%,14%,"0,00",0,"-1,51%",0
,03/30/2021,"56,86","57,43",Si,"57,36","-0,12%","56,49","-1,63%","56,69","-1,29%","-0,94%",No,20303430,Si,"-25,30%",-130%,28%,"0,00",0,"-1,51%",0
,03/29/2021,"57,34","57,91",Si,"57,82","-0,16%","56,74","-2,03%","57,4","-0,89%","-0,64%",No,21144400,Si,"-22,21%",-141%,11%,"0,00",0,"-1,51%",0
,03/26/2021,"57,3","57,87",Si,"57,78","-0,16%","56,52","-2,34%","57,71","-0,28%","1,99%",No,34226461,Si,"25,92%",-141%,-3%,"0,00",0,"-1,51%",0
,03/25/2021,"55,21","55,76",Si,"56,5","1,32%","54,5","-2,26%","56,18","0,75%","-2,01%",Si,31495920,Si,"15,88%",237%,0%,"0,00",0,"-1,51%",0
,03/24/2021,"56,08","56,64",Si,"57,28","1,13%","56,08","-0,99%","56,34","-0,53%","1,56%",No,29781779,Si,"9,57%",187%,56%,"1,00",0,"-0,53%",0
,03/23/2021,"54,94","55,49",Si,"56,29","1,44%","54,45","-1,87%","55,22","-0,49%","-1,73%",Si,33493301,Si,"23,23%",267%,17%,"0,00",0,"-1,51%",0
,03/22/2021,"56,5","57,07",Si,"56,86","-0,36%","55,9","-2,04%","55,91","-2,02%","0,02%",No,29315080,Si,"7,85%",-191%,10%,"0,00",0,"-1,51%",0
,03/19/2021,"56,71","57,28",Si,"57,47","0,34%","55,81","-2,56%","56,49","-1,37%","-0,18%",No,84439406,Si,"210,66%",-14%,-13%,"0,00",0,"-1,51%",0
,03/18/2021,"58,81","59,40",Si,"58,97","-0,72%","56,52","-4,85%","56,81","-4,36%","-0,94%",No,38622832,Si,"42,10%",-283%,-114%,"0,00",0,"-1,51%",0
,03/17/2021,"58,69","59,28",Si,"59,73","0,76%","58,62","-1,11%","59,37","0,16%","-0,71%",No,25575480,Si,"-5,90%",94%,51%,"1,00",0,"0,16%",1
,03/16/2021,"59,54","60,14",Si,"59,66","-0,79%","58,44","-2,82%","59,11","-1,71%","-1,41%",No,30624760,Si,"12,67%",-301%,-24%,"0,00",0,"-1,51%",0
,03/15/2021,"61,49","62,10",Si,"61,86","-0,39%","59,87","-3,60%","60,39","-2,76%","-0,77%",No,31263561,Si,"15,02%",-200%,-59%,"0,00",0,"-1,51%",0
,03/12/2021,"61,55","62,17",Si,"62,37","0,33%","61,5","-1,07%","61,97","-0,31%","0,39%",No,20422689,Si,"-24,86%",-16%,53%,"1,00",0,"-0,31%",0
,03/11/2021,"61,78","62,40",Si,"62,55","0,24%","61,26","-1,82%","61,31","-1,74%","0,02%",No,24802650,Si,"-8,75%",-38%,20%,"0,00",0,"-1,51%",0
,03/10/2021,"60,52","61,13",Si,"61,92","1,30%","60,03","-1,79%","61,77","1,05%","0,98%",Si,31579100,Si,"16,18%",231%,21%,"0,00",0,"-1,51%",0
,03/09/2021,"60,61","61,22",Si,"61,39","0,28%","59,47","-2,85%","59,93","-2,10%","-0,43%",No,35645898,Si,"31,15%",-28%,-26%,"0,00",0,"-1,51%",0
,03/08/2021,"61,58","62,20",Si,"61,61","-0,94%","59,82","-3,82%","60,87","-2,13%","1,07%",No,38154578,Si,"40,38%",-340%,-68%,"0,00",0,"-1,51%",0
,03/05/2021,"59,83","60,43",Si,"61,05","1,03%","59,11","-2,18%","60,93","0,83%","1,91%",No,51429770,Si,"89,22%",162%,4%,"0,00",0,"-1,51%",0
,03/04/2021,"57,12","57,69",Si,"59,47","3,08%","57,1","-1,02%","58,71","1,77%","1,06%",No,52137539,Si,"91,82%",684%,55%,"1,00",1,"2,15%",1
,03/03/2021,"56,42","56,98",Si,"57,96","1,71%","55,88","-1,94%","56,52","-0,81%","0,62%",Si,35358930,Si,"30,09%",336%,15%,"0,00",0,"-1,51%",0
,03/02/2021,"56,65","57,22",Si,"56,96","-0,45%","56,02","-2,09%","56,07","-2,00%","0,44%",No,30302650,Si,"11,49%",-214%,8%,"0,00",0,"-1,51%",0
,03/01/2021,"56,47","57,03",Si,"57,61","1,01%","56,13","-1,59%","56,4","-1,11%","3,86%",No,36998312,Si,"36,12%",157%,30%,"0,00",0,"-1,51%",0
,02/26/2021,"54,41","54,95",Si,"55,06","0,19%","53,12","-3,34%","54,37","-1,06%","-2,42%",No,35291031,Si,"29,84%",-51%,-47%,"0,00",0,"-1,51%",0
,02/25/2021,"56,98","57,55",Si,"57,25","-0,52%","55,35","-3,82%","55,76","-3,11%","0,49%",No,29670881,Si,"9,16%",-233%,-69%,"0,00",0,"-1,51%",0
,02/24/2021,"55,19","55,74",Si,57,"2,26%","54,87","-1,56%","56,7","1,72%","0,25%",Si,28728641,Si,"5,70%",474%,31%,"0,00",1,"-1,51%",0
,02/23/2021,"54,98","55,53",Si,"55,26","-0,49%","53,74","-3,22%","55,05","-0,86%","1,25%",No,33527949,Si,"23,35%",-224%,-42%,"0,00",0,"-1,51%",0
,02/22/2021,"52,59","53,12",Si,"54,81","3,19%","52,59","-0,99%","54,3","2,23%","0,42%",Si,36435113,Si,"34,05%",711%,56%,"1,00",1,"2,15%",1
,02/19/2021,"52,11","52,63",Si,"52,56","-0,14%","51,92","-1,35%","52,37","-0,50%","0,17%",No,22607160,Si,"-16,83%",-134%,40%,"1,00",0,"-0,50%",0
,02/18/2021,"52,81","53,34",Si,"52,94","-0,75%","51,86","-2,77%","52,02","-2,47%","-0,08%",No,20627641,Si,"-24,11%",-290%,-22%,"0,00",0,"-1,51%",0
,02/17/2021,"52,35","52,87",Si,"53,27","0,75%","51,8","-2,03%","52,85","-0,04%","0,60%",No,25552230,Si,"-5,99%",91%,10%,"0,00",0,"-1,51%",0
,02/16/2021,"51,96","52,48",Si,"52,53","0,10%","51,62","-1,64%","52,04","-0,84%","2,85%",No,28060141,Si,"3,24%",-76%,28%,"0,00",0,"-1,51%",0
,02/12/2021,"49,43","49,92",Si,"50,71","1,57%","49,41","-1,03%","50,52","1,19%","-0,82%",Si,19756699,Si,"-27,31%",300%,55%,"1,00",0,"1,19%",1
,02/11/2021,"50,89","51,40",Si,"50,93","-0,91%","48,78","-5,10%","49,84","-3,03%","-0,45%",No,26972160,Si,"-0,77%",-332%,-125%,"0,00",0,"-1,51%",0
,02/10/2021,"50,63","51,14",Si,"51,42","0,55%","50,39","-1,46%","51,12","-0,03%","0,00%",No,25723789,Si,"-5,36%",41%,36%,"1,00",0,"-0,03%",0
,02/09/2021,"50,67","51,18",Si,"50,96","-0,42%","49,77","-2,75%","50,63","-1,07%","-2,74%",No,28976971,Si,"6,61%",-208%,-21%,"0,00",0,"-1,51%",0
,02/08/2021,"50,92","51,43",Si,"52,36","1,81%","50,71","-1,40%","52,1","1,30%","1,94%",No,36998719,Si,"36,12%",360%,38%,"1,00",0,"1,30%",1
,02/05/2021,"49,18","49,67",Si,"50,12","0,90%","49,04","-1,27%","49,95","0,56%","1,76%",No,34980141,Si,"28,70%",130%,44%,"1,00",0,"0,56%",1
,02/04/2021,"47,88","48,36",Si,"48,38","0,04%","47,25","-2,29%","48,33","-0,06%","0,97%",No,25280260,Si,"-6,99%",-89%,-1%,"0,00",0,"-1,51%",0
,02/03/2021,"45,63","46,09",Si,"47,67","3,44%","45,42","-1,45%","47,42","2,89%","0,00%",Si,28459279,Si,"4,71%",774%,36%,"1,00",1,"2,15%",1
,02/02/2021,"45,81","46,27",Si,"46,99","1,56%","45,28","-2,14%","45,63","-1,38%","1,98%",No,31940400,Si,"17,51%",297%,6%,"0,00",0,"-1,51%",0
,02/01/2021,"45,58","46,04",Si,"45,58","-0,99%","44,29","-3,79%","44,92","-2,42%","1,65%",No,24412391,Si,"-10,18%",-352%,-67%,"0,00",0,"-1,51%",0
,01/29/2021,"45,55","46,01",Si,"46,04","0,07%","44,51","-3,25%","44,84","-2,53%","-1,11%",No,38961078,Si,"43,34%",-81%,-43%,"0,00",0,"-1,51%",0
,01/28/2021,"45,94","46,40",Si,"46,59","0,41%","45,69","-1,53%","46,06","-0,73%","1,30%",No,24967250,Si,"-8,14%",5%,33%,"0,00",0,"-1,51%",0
,01/27/2021,45,"45,45",Si,"46,66","2,66%","44,53","-2,02%","45,35","-0,22%","-1,90%",Si,32410350,Si,"19,24%",577%,11%,"0,00",1,"-1,51%",0
,01/26/2021,"47,26","47,73",Si,"47,86","0,27%","45,85","-3,94%","45,87","-3,90%","0,77%",No,23976789,Si,"-11,79%",-32%,-74%,"0,00",0,"-1,51%",0
,01/25/2021,"46,9","47,37",Si,"47,05","-0,67%","46,16","-2,55%","46,9","-0,99%","-1,12%",No,26395840,Si,"-2,89%",-271%,-13%,"0,00",0,"-1,51%",0
,01/22/2021,"47,01","47,48",Si,"47,64","0,34%","46,64","-1,77%","47,43","-0,11%","-2,29%",No,23264840,Si,"-14,41%",-14%,22%,"0,00",0,"-1,51%",0
,01/21/2021,"49,33","49,82",Si,"49,39","-0,87%","47,68","-4,30%","48,11","-3,44%","-0,40%",No,29058600,Si,"6,91%",-321%,-90%,"0,00",0,"-1,51%",0
,01/20/2021,"49,11","49,60",Si,"49,74","0,28%","48,99","-1,23%","49,53","-0,14%","0,55%",No,22342400,Si,"-17,80%",-29%,46%,"1,00",0,"-0,14%",0
,01/19/2021,"48,45","48,93",Si,"49,44","1,03%","48,35","-1,19%","48,84","-0,19%","1,17%",No,24932590,Si,"-8,27%",163%,47%,"1,00",0,"-0,19%",0
,01/15/2021,"48,91","49,40",Si,"49,08","-0,65%","47,29","-4,27%","47,89","-3,05%","-2,78%",No,42411262,Si,"56,04%",-264%,-88%,"0,00",0,"-1,51%",0
,01/14/2021,"48,5","48,99",Si,"51,08","4,28%","48,5","-0,99%","50,31","2,70%","0,17%",Si,35474762,Si,"30,52%",988%,56%,"1,00",1,"2,15%",1
,01/13/2021,"48,53","49,02",Si,"48,71","-0,62%","47,69","-2,70%","48,42","-1,21%","1,36%",No,29000270,Si,"6,70%",-258%,-19%,"0,00",0,"-1,51%",0
,01/12/2021,"47,46","47,93",Si,"48,17","0,49%","46,91","-2,14%","47,88","-0,11%","1,32%",No,36915070,Si,"35,82%",25%,6%,"0,00",0,"-1,51%",0
,01/11/2021,"45,04","45,49",Si,"47,14","3,63%","44,75","-1,63%","46,84","2,97%","-0,92%",Si,38290910,Si,"40,88%",823%,28%,"0,00",1,"-1,51%",0
,01/08/2021,"45,2","45,65",Si,"45,82","0,37%","44,95","-1,54%","45,46","-0,42%","0,53%",No,28628221,Si,"5,33%",-6%,32%,"0,00",0,"-1,51%",0
,01/07/2021,45,"45,45",Si,"45,57","0,26%","44,53","-2,02%","44,96","-1,08%","0,87%",No,29528119,Si,"8,64%",-33%,11%,"0,00",0,"-1,51%",0
,01/06/2021,"44,41","44,85",Si,"45,1","0,55%","43,7","-2,57%","44,61","-0,54%","2,09%",No,36484801,Si,"34,23%",39%,-13%,"0,00",0,"-1,51%",0
,01/05/2021,"41,84","42,26",Si,"44,8","6,01%","41,83","-1,01%","43,5","2,94%","0,82%",Si,44035141,Si,"62,01%",1430%,55%,"1,00",1,"2,15%",1
,01/04/2021,"41,45","41,86",Si,"42,25","0,92%",41,"-2,06%","41,5","-0,87%","0,56%",No,27764699,Si,"2,15%",134%,9%,"0,00",0,"-1,51%",0
,12/31/2020,"41,47","41,88",Si,"41,68","-0,49%","40,97","-2,18%","41,22","-1,59%","-0,31%",No,22786480,Si,"-16,17%",-224%,4%,"0,00",0,"-1,51%",0
,12/30/2020,"41,33","41,74",Si,"42,42","1,62%","41,27","-1,13%","41,6","-0,34%","0,15%",Si,23807311,Si,"-12,41%",312%,50%,"1,00",0,"-0,34%",0
,12/29/2020,"42,04","42,46",Si,"42,12","-0,80%","41,2","-2,97%","41,27","-2,80%","0,72%",No,20287740,Si,"-25,36%",-304%,-31%,"0,00",0,"-1,51%",0
,12/28/2020,"41,69","42,11",Si,"42,55","1,05%","41,52","-1,39%","41,74","-0,87%","0,22%",Si,23877551,Si,"-12,15%",168%,39%,"1,00",0,"-0,87%",0
,12/24/2020,"41,65","42,07",Si,"41,85","-0,51%","41,38","-1,63%","41,6","-1,11%","-0,29%",No,8039006,Si,"-70,42%",-231%,28%,"0,00",0,"-1,51%",0
,12/23/2020,"41,51","41,93",Si,"42,39","1,11%","41,46","-1,11%","41,77","-0,37%","0,65%",Si,19085881,Si,"-29,78%",182%,51%,"1,00",0,"-0,37%",0
,12/22/2020,"41,58","42,00",Si,"41,9","-0,23%","41,23","-1,82%","41,24","-1,80%","-0,88%",No,21811971,Si,"-19,75%",-158%,20%,"0,00",0,"-1,51%",0
,12/21/2020,"41,11","41,52",Si,"42,08","1,35%","40,53","-2,39%","41,95","1,03%","-3,79%",Si,27869520,Si,"2,54%",242%,-5%,"0,00",0,"-1,51%",0
,12/18/2020,"43,27","43,70",Si,"43,78","0,18%","42,42","-2,94%","42,73","-2,23%","-0,48%",No,46596770,Si,"71,44%",-55%,-29%,"0,00",0,"-1,51%",0
,12/17/2020,44,"44,44",Si,"44,04","-0,90%","43,4","-2,34%","43,48","-2,16%","0,69%",No,21204641,Si,"-21,99%",-329%,-3%,"0,00",0,"-1,51%",0
,12/16/2020,"43,75","44,19",Si,"44,11","-0,18%","42,96","-2,78%","43,7","-1,10%","1,65%",No,34273031,Si,"26,10%",-145%,-23%,"0,00",0,"-1,51%",0
,12/15/2020,"42,44","42,86",Si,"43,22","0,83%","42,06","-1,88%","43,04","0,41%","0,52%",No,27239689,Si,"0,22%",111%,17%,"0,00",0,"-1,51%",0
,12/14/2020,"44,34","44,78",Si,"44,46","-0,72%","42,18","-5,81%","42,22","-5,72%","1,23%",No,30595039,Si,"12,56%",-284%,-156%,"0,00",0,"-1,51%",0
,12/11/2020,"43,7","44,14",Si,"43,93","-0,47%","43,21","-2,10%","43,8","-0,76%","-0,70%",No,25478811,Si,"-6,26%",-219%,7%,"0,00",0,"-1,51%",0
,12/10/2020,"43,2","43,63",Si,"44,47","1,92%","42,76","-2,00%","44,01","0,87%","0,93%",Si,38058672,Si,"40,02%",389%,12%,"0,00",0,"-1,51%",0
,12/09/2020,"42,71","43,14",Si,"43,73","1,37%","42,38","-1,76%","42,8","-0,78%","1,11%",No,37824820,Si,"39,16%",250%,23%,"0,00",0,"-1,51%",0
,12/08/2020,"40,53","40,94",Si,"42,59","4,04%","40,44","-1,21%","42,24","3,19%","-0,90%",Si,32573850,Si,"19,84%",928%,47%,"1,00",1,"2,15%",1
,12/07/2020,"41,42","41,83",Si,"41,54","-0,70%","40,67","-2,78%","40,9","-2,23%","-0,62%",No,24899420,Si,"-8,39%",-279%,-23%,"0,00",0,"-1,51%",0
,12/04/2020,"40,77","41,18",Si,"41,76","1,41%","40,65","-1,28%","41,68","1,22%","1,39%",No,28723631,Si,"5,68%",260%,43%,"1,00",0,"1,22%",1
,12/03/2020,"40,07","40,47",Si,"40,64","0,42%","39,73","-1,83%","40,21","-0,64%","0,33%",No,27038939,Si,"-0,52%",6%,19%,"0,00",0,"-1,51%",0
,12/02/2020,"38,39","38,77",Si,"40,42","4,25%","38,34","-1,12%","39,94","3,01%","-0,29%",Si,29369500,Si,"8,05%",980%,51%,"1,00",1,"2,15%",1
,12/01/2020,"38,96","39,35",Si,"39,65","0,76%","38,47","-2,24%","38,5","-2,16%","2,18%",No,32503109,Si,"19,58%",94%,1%,"0,00",0,"-1,51%",0
,11/30/2020,"39,8","40,20",Si,"39,88","-0,79%","37,97","-5,54%","38,13","-5,14%","-0,97%",No,45614340,Si,"67,82%",-301%,-144%,"0,00",0,"-1,51%",0
,11/27/2020,"40,7","41,11",Si,"40,94","-0,41%","39,87","-3,01%","40,19","-2,23%","-0,27%",No,14971950,Si,"-44,92%",-203%,-33%,"0,00",0,"-1,51%",0
,11/25/2020,"41,67","42,09",Si,"41,71","-0,90%","40,65","-3,41%","40,81","-3,03%","-0,74%",No,28178170,Si,"3,67%",-328%,-51%,"0,00",0,"-1,51%",0
,11/24/2020,"40,51","40,92",Si,"42,08","2,85%","40,22","-1,70%","41,98","2,60%","2,92%",No,46979246,Si,"72,84%",624%,25%,"0,00",1,"-1,51%",0
,11/23/2020,"37,5","37,88",Si,"39,43","4,11%","37,28","-1,57%","39,36","3,92%","1,52%",No,29367590,Si,"8,05%",945%,31%,"0,00",1,"-1,51%",0
,11/20/2020,"37,35","37,72",Si,"37,41","-0,83%","36,78","-2,50%","36,94","-2,08%","-0,13%",No,18359570,Si,"-32,45%",-311%,-10%,"0,00",0,"-1,51%",0
,11/19/2020,"36,86","37,23",Si,"37,5","0,73%","36,56","-1,80%","37,4","0,46%","-0,94%",No,26954359,Si,"-0,83%",85%,21%,"0,00",0,"-1,51%",0
,11/18/2020,"39,02","39,41",Si,"39,13","-0,71%","37,2","-5,61%","37,21","-5,58%","0,91%",No,31068020,Si,"14,30%",-281%,-147%,"0,00",0,"-1,51%",0
,11/17/2020,"37,81","38,19",Si,"38,71","1,37%","37,38","-2,12%","38,67","1,26%","-0,92%",Si,26521080,Si,"-2,43%",248%,7%,"0,00",0,"-1,51%",0
,11/16/2020,"37,59","37,97",Si,"38,17","0,54%","37,1","-2,28%","38,16","0,51%","4,19%",No,38596820,Si,"42,00%",37%,-1%,"0,00",0,"-1,51%",0
,11/13/2020,"35,4","35,75",Si,"36,25","1,39%","35,38","-1,05%","36,08","0,91%","0,48%",Si,29260240,Si,"7,65%",253%,54%,"1,00",0,"0,91%",1
,11/12/2020,"35,86","36,22",Si,"36,29","0,20%","34,87","-3,72%","35,23","-2,73%","-1,70%",No,30955270,Si,"13,89%",-50%,-64%,"0,00",0,"-1,51%",0
,11/11/2020,"37,09","37,46",Si,"37,12","-0,91%","36,19","-3,39%","36,48","-2,62%","0,62%",No,34124480,Si,"25,55%",-332%,-50%,"0,00",0,"-1,51%",0
,11/10/2020,"37,05","37,42",Si,"37,43","0,03%","35,98","-3,85%","36,86","-1,50%","0,32%",No,49055367,Si,"80,48%",-94%,-70%,"0,00",0,"-1,51%",0
,11/09/2020,"36,42","36,78",Si,"38,01","3,33%","36,06","-1,97%","36,93","0,40%","11,10%",No,76879367,Si,"182,85%",748%,13%,"0,00",1,"-1,51%",0
,11/06/2020,"33,1","33,43",Si,"33,66","0,68%","32,62","-2,43%","32,78","-1,95%","-0,21%",No,33985602,Si,"25,04%",74%,-7%,"0,00",0,"-1,51%",0
,11/05/2020,"33,37","33,70",Si,"33,92","0,64%","33,14","-1,67%","33,17","-1,58%","0,42%",No,30824109,Si,"13,41%",63%,26%,"0,00",0,"-1,51%",0
,11/04/2020,"33,27","33,60",Si,"34,14","1,60%","32,53","-3,19%","33,23","-1,11%","-0,42%",Si,35410059,Si,"30,28%",307%,-41%,"0,00",0,"-1,51%",0
,11/03/2020,"34,49","34,83",Si,"34,49","-0,99%","33,13","-4,89%","33,41","-4,09%","1,47%",No,36772969,Si,"35,29%",-352%,-116%,"0,00",0,"-1,51%",0
,11/02/2020,"33,14","33,47",Si,"34,46","2,95%","32,57","-2,69%","33,99","1,55%","1,59%",No,40130312,Si,"47,64%",651%,-19%,"0,00",1,"-1,51%",0
,10/30/2020,"32,41","32,73",Si,"33,14","1,24%","32,01","-2,21%","32,62","-0,35%","-1,70%",Si,47897922,Si,"76,22%",215%,2%,"0,00",0,"-1,51%",0
,10/29/2020,"31,41","31,72",Si,"33,13","4,43%","31,11","-1,94%","32,97","3,93%","-0,51%",Si,38622832,Si,"42,10%",1027%,15%,"0,00",1,"-1,51%",0
,10/28/2020,"32,1","32,42",Si,"32,38","-0,13%","31,52","-2,78%","31,57","-2,62%","-2,19%",No,42136359,Si,"55,03%",-132%,-23%,"0,00",0,"-1,51%",0
,10/27/2020,"33,15","33,48",Si,"33,2","-0,84%","32,7","-2,33%","32,82","-1,98%","-0,60%",No,27100740,Si,"-0,29%",-314%,-3%,"0,00",0,"-1,51%",0
,10/26/2020,"33,61","33,95",Si,"33,77","-0,52%","32,95","-2,93%","33,35","-1,76%","-1,61%",No,30888689,Si,"13,64%",-232%,-29%,"0,00",0,"-1,51%",0
,10/23/2020,"34,97","35,32",Si,"35,08","-0,68%","33,86","-4,13%","34,16","-3,28%","0,32%",No,27429109,Si,"0,92%",-273%,-82%,"0,00",0,"-1,51%",0
,10/22/2020,"33,18","33,51",Si,"34,96","4,32%","33,02","-1,47%","34,86","4,02%","0,06%",Si,31831449,Si,"17,11%",999%,35%,"1,00",1,"2,15%",1
,10/21/2020,"33,51","33,85",Si,"33,62","-0,67%","33,14","-2,08%","33,16","-2,02%","-0,56%",No,28619330,Si,"5,29%",-269%,8%,"0,00",0,"-1,51%",0
,10/20/2020,"33,66","34,00",Si,"33,93","-0,20%","33,33","-1,96%","33,7","-0,87%","0,72%",No,23040600,Si,"-15,23%",-150%,14%,"0,00",0,"-1,51%",0
,10/19/2020,"34,1","34,44",Si,"34,37","-0,21%","33,39","-3,05%","33,42","-2,96%","0,00%",No,23645850,Si,"-13,00%",-152%,-35%,"0,00",0,"-1,51%",0
,10/16/2020,"34,37","34,71",Si,"34,64","-0,21%","33,88","-2,40%","34,1","-1,77%","-0,23%",No,22636949,Si,"-16,72%",-154%,-6%,"0,00",0,"-1,51%",0
,10/15/2020,"33,7","34,04",Si,"34,46","1,24%","33,27","-2,25%","34,45","1,21%","-1,32%",Si,23251590,Si,"-14,45%",216%,1%,"0,00",0,"-1,51%",0
,10/14/2020,"34,06","34,40",Si,"34,83","1,25%","34,03","-1,08%","34,15","-0,73%","-0,47%",Si,17756490,Si,"-34,67%",218%,52%,"1,00",0,"-0,73%",0
,10/13/2020,"34,73","35,08",Si,"34,87","-0,59%","34,1","-2,79%","34,22","-2,44%","0,29%",No,20995131,Si,"-22,76%",-250%,-23%,"0,00",0,"-1,51%",0
,10/12/2020,"34,54","34,89",Si,"34,73","-0,45%","34,23","-1,88%","34,63","-0,73%","-0,58%",No,17912760,Si,"-34,10%",-213%,17%,"0,00",0,"-1,51%",0
,10/09/2020,"35,68","36,04",Si,"35,95","-0,24%","34,65","-3,85%","34,74","-3,60%","1,19%",No,29228619,Si,"7,54%",-161%,-70%,"0,00",0,"-1,51%",0
,10/08/2020,"33,88","34,22",Si,"35,34","3,28%","33,76","-1,34%","35,26","3,04%","1,13%",No,34413648,Si,"26,61%",734%,41%,"1,00",1,"2,15%",1
,10/07/2020,"33,64","33,98",Si,"33,74","-0,70%","33,21","-2,26%","33,5","-1,40%","0,75%",No,23779270,Si,"-12,51%",-277%,1%,"0,00",0,"-1,51%",0
,10/06/2020,"34,12","34,46",Si,"34,42","-0,12%","33,31","-3,34%","33,39","-3,11%","1,13%",No,26731760,Si,"-1,65%",-130%,-47%,"0,00",0,"-1,51%",0
,10/05/2020,"33,32","33,65",Si,"33,75","0,29%","33,17","-1,44%","33,74","0,26%","1,03%",No,22965211,Si,"-15,51%",-27%,37%,"1,00",0,"0,26%",1
,10/02/2020,"32,25","32,57",Si,"33,35","2,39%","32,21","-1,11%","32,98","1,25%","-2,66%",Si,32694350,Si,"20,29%",507%,51%,"1,00",1,"2,15%",1
,10/01/2020,"33,79","34,13",Si,"34,1","-0,08%","32,94","-3,48%","33,13","-2,92%","-1,57%",No,36890238,Si,"35,72%",-121%,-54%,"0,00",0,"-1,51%",0
,09/30/2020,"34,64","34,99",Si,"34,92","-0,19%","34,13","-2,45%","34,33","-1,88%","1,05%",No,22223660,Si,"-18,24%",-148%,-8%,"0,00",0,"-1,51%",0
,09/29/2020,35,"35,35",Si,"35,11","-0,68%","33,99","-3,85%","34,28","-3,03%","-0,88%",No,20788840,Si,"-23,52%",-273%,-70%,"0,00",0,"-1,51%",0
,09/28/2020,"35,14","35,49",Si,"35,9","1,15%","35,1","-1,10%","35,31","-0,51%","1,44%",No,23396539,Si,"-13,92%",193%,51%,"1,00",0,"-0,51%",0
,09/25/2020,34,"34,34",Si,"34,94","1,75%","33,88","-1,34%","34,64","0,87%","-0,93%",Si,23486010,Si,"-13,59%",345%,41%,"1,00",0,"0,87%",1
,09/24/2020,"34,4","34,74",Si,"34,82","0,22%","33,76","-2,83%","34,32","-1,22%","0,03%",No,26796039,Si,"-1,41%",-44%,-25%,"0,00",0,"-1,51%",0
,09/23/2020,"35,65","36,01",Si,"35,79","-0,60%","34,35","-4,60%","34,39","-4,49%","0,34%",No,31251420,Si,"14,98%",-253%,-103%,"0,00",0,"-1,51%",0
,09/22/2020,"36,46","36,82",Si,"36,84","0,04%","35,47","-3,68%","35,53","-3,52%","0,08%",No,27303221,Si,"0,45%",-89%,-62%,"0,00",0,"-1,51%",0
,09/21/2020,"36,43","36,79",Si,"36,71","-0,23%","35,68","-3,03%","36,43","-0,99%","-2,04%",No,35351770,Si,"30,06%",-158%,-34%,"0,00",0,"-1,51%",0
,09/18/2020,"37,53","37,91",Si,"37,82","-0,23%","36,7","-3,18%","37,19","-1,89%","-0,71%",No,46853820,Si,"72,38%",-157%,-40%,"0,00",0,"-1,51%",0
,09/17/2020,"37,35","37,72",Si,"37,98","0,68%","36,97","-2,00%","37,8","0,20%","-1,22%",No,24696211,Si,"-9,14%",73%,12%,"0,00",0,"-1,51%",0
,09/16/2020,"36,46","36,82",Si,"38,15","3,60%","36,27","-1,51%","37,81","2,68%","0,52%",Si,30915811,Si,"13,74%",816%,34%,"1,00",1,"2,15%",1
,09/15/2020,"36,8","37,17",Si,"37,38","0,57%","36,21","-2,58%","36,27","-2,42%","0,38%",No,23724211,Si,"-12,72%",45%,-14%,"0,00",0,"-1,51%",0
,09/14/2020,"36,91","37,28",Si,"37,01","-0,72%","36,49","-2,12%","36,66","-1,66%","0,03%",No,26129939,Si,"-3,86%",-284%,7%,"0,00",0,"-1,51%",0
,09/11/2020,"37,13","37,50",Si,"37,31","-0,51%","36,49","-2,70%","36,9","-1,60%","0,35%",No,26838561,Si,"-1,26%",-230%,-19%,"0,00",0,"-1,51%",0
,09/10/2020,"38,27","38,65",Si,"38,37","-0,73%","36,9","-4,53%",37,"-4,28%","0,84%",No,34381238,Si,"26,49%",-286%,-100%,"0,00",0,"-1,51%",0
,09/09/2020,"38,35","38,73",Si,"38,84","0,27%","37,92","-2,10%","37,95","-2,02%","0,45%",No,25886150,Si,"-4,76%",-30%,7%,"0,00",0,"-1,51%",0
,09/08/2020,"38,25","38,63",Si,"38,68","0,12%","37,35","-3,32%","38,18","-1,17%","-2,12%",No,38496441,Si,"41,63%",-69%,-46%,"0,00",0,"-1,51%",0
,09/04/2020,"39,46","39,85",Si,"39,79","-0,16%","38,65","-3,02%","39,08","-1,94%","0,89%",No,24632500,Si,"-9,37%",-141%,-33%,"0,00",0,"-1,51%",0
,09/03/2020,"39,2","39,59",Si,"40,03","1,11%","38,88","-1,80%","39,11","-1,22%","0,03%",Si,28817180,Si,"6,02%",181%,21%,"0,00",0,"-1,51%",0
,09/02/2020,"39,23","39,62",Si,"39,72","0,25%","38,95","-1,70%","39,19","-1,09%","-0,51%",No,26413359,Si,"-2,82%",-37%,25%,"0,00",0,"-1,51%",0
,09/01/2020,"39,75","40,15",Si,"39,75","-0,99%","39,05","-2,73%","39,43","-1,79%","-0,48%",No,22478199,Si,"-17,30%",-352%,-21%,"0,00",0,"-1,51%",0
,08/31/2020,"40,64","41,05",Si,"40,72","-0,80%","39,9","-2,79%","39,94","-2,70%","-0,12%",No,25259609,Si,"-7,07%",-302%,-23%,"0,00",0,"-1,51%",0
,08/28/2020,"39,84","40,24",Si,"40,92","1,69%","39,76","-1,19%","40,69","1,12%","0,25%",Si,33477090,Si,"23,17%",331%,48%,"1,00",0,"1,12%",1
,08/27/2020,40,"40,40",Si,"40,3","-0,25%","39,31","-2,70%","39,74","-1,63%","-0,02%",No,32034320,Si,"17,86%",-163%,-19%,"0,00",0,"-1,51%",0
,08/26/2020,"40,64","41,05",Si,"40,84","-0,50%",40,"-2,55%","40,01","-2,52%","-0,59%",No,26794971,Si,"-1,42%",-228%,-12%,"0,00",0,"-1,51%",0
,08/25/2020,"41,66","42,08",Si,"42,07","-0,02%","40,7","-3,27%","40,88","-2,84%","-1,33%",No,31285580,Si,"15,10%",-104%,-44%,"0,00",0,"-1,51%",0
,08/24/2020,"41,28","41,69",Si,"42,51","1,96%","41,09","-1,45%","42,22","1,26%","0,66%",Si,18208881,Si,"-33,01%",399%,36%,"1,00",0,"1,26%",1
,08/21/2020,"41,3","41,71",Si,"41,34","-0,89%","40,71","-2,40%","41,01","-1,69%","-0,05%",No,25517740,Si,"-6,12%",-328%,-6%,"0,00",0,"-1,51%",0
,08/20/2020,"41,69","42,11",Si,"41,89","-0,52%","41,3","-1,92%","41,32","-1,87%","-0,64%",No,15678550,Si,"-42,32%",-231%,15%,"0,00",0,"-1,51%",0
,08/19/2020,"42,35","42,77",Si,"42,66","-0,27%","41,87","-2,11%","41,96","-1,90%","-0,19%",No,14473090,Si,"-46,75%",-168%,7%,"0,00",0,"-1,51%",0
,08/18/2020,"42,59","43,02",Si,"43,19","0,40%","42,29","-1,69%","42,43","-1,36%","-0,12%",No,13014040,Si,"-52,12%",3%,26%,"0,00",0,"-1,51%",0
,08/17/2020,"43,17","43,60",Si,"43,17","-0,99%","42,47","-2,60%","42,64","-2,21%","-0,07%",No,15554630,Si,"-42,77%",-352%,-14%,"0,00",0,"-1,51%",0
,08/14/2020,"42,6","43,03",Si,"43,28","0,59%","42,41","-1,43%","43,2","0,40%","-0,95%",No,13595700,Si,"-49,98%",50%,37%,"1,00",0,"0,40%",1
,08/13/2020,"43,5","43,94",Si,"43,87","-0,15%","42,92","-2,31%","43,01","-2,11%","-1,34%",No,17338689,Si,"-36,21%",-138%,-2%,"0,00",0,"-1,51%",0
,08/12/2020,"44,46","44,90",Si,"44,94","0,08%","43,63","-2,84%","44,09","-1,81%","-1,13%",No,22508881,Si,"-17,19%",-80%,-25%,"0,00",0,"-1,51%",0
,08/11/2020,"45,5","45,96",Si,"46,42","1,01%","44,73","-2,67%","44,97","-2,14%",#DIV/0!,#DIV/0!,28987461,Si,"6,65%",157%,-18%,"0,00",0,"-1,51%",0
,,,,,,"0,39%",,"-2,27%",,,,,"27180316,38",,,,,,,,
,,,,,,,,,,,,,,,,,,,,,
,,,,,,,,,,,,,,,"0,50%","85,48%",Ganadoras,,,,
,,,,,,,,,,,,,,,,"14,52%",Perdedoras,,,,
,Desvio Estandard,,,,,,,,,,,,,,,"45,42%",Rdo Final,,,,
,"1,61%",,,,,,,,,,,,,,,,,,,,
,"1,59%",,,,,,,,,,,,,,"0,90%","70,83%",Ganadoras,,,,
,"1,11%",,,,,,,,,,,,,,,"29,17%",Perdedoras,,,,
,"1,89%",,,,,,,,,,,,,,,"27,57%",Rdo Final,,,,
,"2,05%",,,,,,,,,,,,,,,,,,,,
,"1,81%",,,,,,,,,,,,,,"1,00%","73,33%",Ganadoras,,,,
,"1,44%",,,,,,,,,,,,,,,"26,67%",Perdedoras,,,,
,"1,77%",,,,,,,,,,,,,,,"25,12%",Rdo Final,,,,
,"1,28%",,,,,,,,,,,,,,,,,,,,
,"1,13%",,,,,,,,,,,,,,"1,10%","75,00%",Ganadoras,,,,
,"1,71%",,,,,,,,,,,,,,,"25,00%",Perdedoras,,,,
,"1,97%",,,,,,,,,,,,,,,"21,95%",Rdo Final,,,,
,"1,32%",,,,,,,,,,,,,,,,,,,,
,"1,44%",,,,,,,,,,,,,,"1,50%","82,76%",Ganadoras,,,,
,"1,30%",,,,,,,,,,,,,,,"17,24%",Perdedoras,,,,
,"1,71%",,,,,,,,,,,,,,,"14,03%",Rdo Final,,,,
,"2,26%",,,,,,,,,,,,,,,,,,,,
,"3,19%",,,,,,,,,,,,,,,,,,,,
,"1,57%",,,,,,,,,,,,,,,,,,,,
,"3,44%",,,,,,,,,,,,,,,,,,,,
,"2,66%",,,,,,,,,,,,,,,,,,,,
,"4,28%",,,,,,,,,,,,,,,,,,,,
,"3,63%",,,,,,,,,,,,,,,,,,,,
,"6,01%",,,,,,,,,,,,,,,,,,,,
,"1,62%",,,,,,,,,,,,,,,,,,,,
,"1,05%",,,,,,,,,,,,,,,,,,,,
,"1,11%",,,,,,,,,,,,,,,,,,,,
,"1,35%",,,,,,,,,,,,,,,,,,,,
,"1,92%",,,,,,,,,,,,,,,,,,,,
,"4,04%",,,,,,,,,,,,,,,,,,,,
,"4,25%",,,,,,,,,,,,,,,,,,,,
,"1,37%",,,,,,,,,,,,,,,,,,,,
,"1,39%",,,,,,,,,,,,,,,,,,,,
,"1,60%",,,,,,,,,,,,,,,,,,,,
,"1,24%",,,,,,,,,,,,,,,,,,,,
,"4,43%",,,,,,,,,,,,,,,,,,,,
,"4,32%",,,,,,,,,,,,,,,,,,,,
,"1,24%",,,,,,,,,,,,,,,,,,,,
,"1,25%",,,,,,,,,,,,,,,,,,,,
,"2,39%",,,,,,,,,,,,,,,,,,,,
,"1,75%",,,,,,,,,,,,,,,,,,,,
,"3,60%",,,,,,,,,,,,,,,,,,,,
,"1,11%",,,,,,,,,,,,,,,,,,,,
,"1,69%",,,,,,,,,,,,,,,,,,,,
,"1,96%",,,,,,,,,,,,,,,,,,,,