,,,"1,00%",,"3,00%","2,46%",,"-3,94%",,,,,,,,,,,,,
,Date,Open,Open +1%,Cond. Precio,High,% Mov.,Low,% Mov.,Close,% Cierre,Gap,Operable,Volume,Cond. Vol,Com. Prom,Com. High,Com. Low,Rdo del dia c/ SL Prom,Rdo del dia c/ TP Prom,Resultados,Resultado
,08/10/2021,"485,5","490,36",Si,"497,49","1,46%",454,"-7,41%","456,76","-6,85%","0,21%",Si,36503719,Si,"148,20%",-41%,-88%,"0,00",0,"-3,94%",0
,08/09/2021,"411,3","415,41",Si,"493,76","18,86%","409,66","-1,38%","484,47","16,62%","-0,58%",Si,42269879,Si,"187,41%",669%,65%,"1,00",1,"2,46%",1
,08/06/2021,"410,3","414,40",Si,"419,26","1,17%","393,61","-5,02%","413,72","-0,16%","-1,43%",Si,18924650,Si,"28,68%",-52%,-27%,"0,00",0,"-3,94%",0
,08/05/2021,"409,72","413,82",Si,"443,99","7,29%",403,"-2,61%","416,26","0,59%","-2,23%",Si,25571510,Si,"73,87%",197%,34%,"1,00",1,"2,46%",1
,08/04/2021,385,"388,85",Si,433,"11,35%","377,11","-3,02%","419,05","7,77%","-0,39%",Si,32251619,Si,"119,29%",363%,23%,"1,00",1,"2,46%",1
,08/03/2021,"348,5","351,99",Si,"386,98","9,94%","344,5","-2,13%","386,51","9,81%","0,55%",Si,20424080,Si,"38,87%",305%,46%,"1,00",1,"2,46%",1
,08/02/2021,360,"363,60",Si,"365,6","0,55%","343,2","-5,61%","346,61","-4,67%","1,81%",No,13685920,Si,"-6,94%",-78%,-42%,"0,00",0,"-3,94%",0
,07/30/2021,"346,9","350,37",Si,"359,9","2,72%","342,28","-2,31%","353,6","0,92%","0,36%",Si,11345690,Si,"-22,86%",11%,41%,"1,00",1,"2,46%",1
,07/29/2021,"350,64","354,15",Si,"351,22","-0,83%",336,"-5,12%","345,64","-2,40%","0,38%",No,10100730,Si,"-31,32%",-134%,-30%,"0,00",0,"-3,94%",0
,07/28/2021,"333,01","336,34",Si,"350,99","4,36%","327,5","-2,63%","349,32","3,86%","1,37%",No,13091570,Si,"-10,99%",78%,33%,"1,00",1,"2,46%",1
,07/27/2021,"335,31","338,66",Si,"344,89","1,84%","318,29","-6,02%","328,5","-3,00%","-0,17%",Si,17196689,Si,"16,93%",-25%,-53%,"0,00",0,"-3,94%",0
,07/26/2021,352,"355,52",Si,362,"1,82%","329,15","-7,42%","335,87","-5,53%","0,91%",Si,23387801,Si,"59,02%",-26%,-88%,"0,00",0,"-3,94%",0
,07/23/2021,"330,9","334,21",Si,"349,45","4,56%","325,17","-2,70%","348,83","4,37%","2,29%",No,23431400,Si,"59,32%",86%,31%,"1,00",1,"2,46%",1
,07/22/2021,319,"322,19",Si,"329,6","2,30%","316,29","-1,83%","323,48","0,40%","-0,66%",Si,16491279,Si,"12,13%",-6%,54%,"1,00",0,"0,40%",1
,07/21/2021,"298,51","301,50",Si,"325,88","8,09%","293,62","-2,61%","321,11","6,51%","-2,87%",Si,30859289,Si,"109,82%",230%,34%,"1,00",1,"2,46%",1
,07/20/2021,"318,22","321,40",Si,"342,51","6,57%",292,"-9,15%","307,33","-4,38%","1,48%",No,123115508,Si,"737,11%",168%,-132%,"0,00",1,"-3,94%",0
,07/19/2021,"284,54","287,39",Si,"317,88","10,61%","283,14","-1,48%","313,59","9,12%","-0,66%",Si,35526770,Si,"141,56%",333%,63%,"1,00",1,"2,46%",1
,07/16/2021,"276,92","279,69",Si,"288,88","3,29%","271,5","-2,93%","286,43","2,41%","6,64%",No,41397246,Si,"181,48%",34%,26%,"1,00",1,"2,46%",1
,07/15/2021,"246,66","249,13",Si,"261,22","4,85%","245,51","-1,45%","259,68","4,24%","0,00%",Si,15130780,Si,"2,88%",98%,63%,"1,00",1,"2,46%",1
,07/14/2021,"237,25","239,62",Si,"249,92","4,30%","237,22","-1,00%","246,66","2,94%","0,89%",Si,9420397,Si,"-35,95%",75%,75%,"1,00",1,"2,46%",1
,07/13/2021,"239,14","241,53",Si,"239,82","-0,71%","233,8","-3,20%","235,15","-2,64%","-0,08%",No,4186383,No,"-71,54%",-129%,19%,"1,00",0,"-2,64%",0
,07/12/2021,"230,98","233,29",Si,"242,39","3,90%","229,2","-1,75%","239,34","2,59%","-0,79%",Si,6938180,Si,"-52,82%",59%,56%,"1,00",1,"2,46%",1
,07/09/2021,"231,97","234,29",Si,"233,8","-0,21%","224,28","-4,27%","232,81","-0,63%","-0,35%",No,5305101,Si,"-63,93%",-109%,-8%,"0,00",0,"-3,94%",0
,07/08/2021,"215,66","217,82",Si,"233,41","7,16%","214,07","-1,72%","232,79","6,87%","-2,81%",Si,8719363,Si,"-40,71%",192%,56%,"1,00",1,"2,46%",1
,07/07/2021,"231,76","234,08",Si,"231,86","-0,95%","220,82","-5,66%","221,9","-5,20%","-0,68%",No,4889299,No,"-66,76%",-139%,-44%,"0,00",0,"-3,94%",0
,07/06/2021,"229,62","231,92",Si,"234,6","1,16%","225,43","-2,80%","233,34","0,61%","-2,00%",Si,4956460,No,"-66,30%",-53%,29%,"1,00",0,"0,61%",1
,07/02/2021,"235,1","237,45",Si,"238,9","0,61%","230,14","-3,08%","234,3","-1,33%","0,00%",No,4200450,No,"-71,44%",-75%,22%,"1,00",0,"-1,33%",0
,07/01/2021,"236,3","238,66",Si,"236,71","-0,82%","227,67","-4,61%","235,11","-1,49%","0,56%",No,5933146,Si,"-59,66%",-133%,-17%,"0,00",0,"-3,94%",0
,06/30/2021,"237,98","240,36",Si,"245,7","2,22%","232,41","-3,31%","234,98","-2,24%","1,50%",No,9319109,Si,"-36,64%",-9%,16%,"1,00",0,"-2,24%",0
,06/29/2021,"221,19","223,40",Si,"238,4","6,71%","219,33","-1,82%","234,46","4,95%","-0,78%",Si,11417040,Si,"-22,37%",174%,54%,"1,00",1,"2,46%",1
,06/28/2021,223,"225,23",Si,"225,09","-0,06%","215,6","-4,28%","222,94","-1,02%","1,39%",No,6190647,Si,"-57,91%",-103%,-9%,"0,00",0,"-3,94%",0
,06/25/2021,"221,26","223,47",Si,"226,51","1,36%","216,33","-3,20%","219,94","-1,58%","0,51%",Si,13315620,Si,"-9,46%",-45%,19%,"1,00",0,"-1,58%",0
,06/24/2021,"214,38","216,52",Si,"221,49","2,29%","213,46","-1,41%","220,14","1,67%","1,10%",No,8171884,Si,"-44,44%",-7%,64%,"1,00",0,"1,67%",1
,06/23/2021,"219,98","222,18",Si,"224,57","1,08%","205,55","-7,48%","212,04","-4,56%","-0,62%",Si,14558440,Si,"-1,01%",-56%,-90%,"0,00",0,"-3,94%",0
,06/22/2021,"210,76","212,87",Si,"222,4","4,48%","210,25","-1,23%","221,36","3,99%","1,21%",No,10066340,Si,"-31,55%",83%,69%,"1,00",1,"2,46%",1
,06/21/2021,"200,86","202,87",Si,"211,04","4,03%",200,"-1,41%","208,24","2,65%","0,84%",Si,7423063,Si,"-49,53%",64%,64%,"1,00",1,"2,46%",1
,06/18/2021,"201,39","203,40",Si,"204,84","0,71%","194,51","-4,37%","199,19","-2,07%","-0,53%",No,6663813,Si,"-54,69%",-71%,-11%,"0,00",0,"-3,94%",0
,06/17/2021,200,"202,00",Si,"203,92","0,95%","197,72","-2,12%","202,47","0,23%","1,09%",No,4955160,No,"-66,31%",-61%,46%,"1,00",0,"0,23%",1
,06/16/2021,200,"202,00",Si,"203,98","0,98%","193,2","-4,36%","197,84","-2,06%","-0,79%",No,7264747,Si,"-50,60%",-60%,-11%,"0,00",0,"-3,94%",0
,06/15/2021,"203,49","205,52",Si,"207,85","1,13%","199,2","-3,08%","201,59","-1,91%","-1,89%",Si,6786260,Si,"-53,86%",-54%,22%,"1,00",0,"-1,91%",0
,06/14/2021,"213,27","215,40",Si,"213,49","-0,89%",198,"-8,08%","207,41","-3,71%","-2,55%",No,11743700,Si,"-20,15%",-136%,-105%,"0,00",0,"-3,94%",0
,06/11/2021,"211,9","214,02",Si,"218,9","2,28%","211,8","-1,04%","218,85","2,26%","-2,35%",Si,5576026,Si,"-62,09%",-7%,74%,"1,00",0,"2,26%",1
,06/10/2021,"216,62","218,79",Si,"221,88","1,41%","207,7","-5,07%",217,"-0,82%","-0,38%",Si,11763150,Si,"-20,02%",-42%,-29%,"0,00",0,"-3,94%",0
,06/09/2021,"212,3","214,42",Si,"221,5","3,30%","212,01","-1,13%","217,44","1,41%","-0,33%",Si,8016465,Si,"-45,49%",35%,71%,"1,00",1,"2,46%",1
,06/08/2021,"220,1","222,30",Si,"222,34","0,02%","202,5","-8,91%",213,"-4,18%","0,24%",No,11857630,Si,"-19,38%",-99%,-126%,"0,00",0,"-3,94%",0
,06/07/2021,"207,1","209,17",Si,"227,71","8,86%","206,42","-1,32%","219,57","4,97%","0,50%",Si,19034359,Si,"29,42%",261%,67%,"1,00",1,"2,46%",1
,06/04/2021,"197,9","199,88",Si,"207,38","3,75%","197,33","-1,28%","206,07","3,10%","1,37%",No,11103270,Si,"-24,50%",53%,68%,"1,00",1,"2,46%",1
,06/03/2021,"188,89","190,78",Si,200,"4,83%","188,63","-1,13%","195,22","2,33%","-1,41%",Si,9270151,Si,"-36,97%",97%,71%,"1,00",1,"2,46%",1
,06/02/2021,"183,9","185,74",Si,"194,5","4,72%","183,28","-1,32%","191,6","3,16%","-0,41%",Si,10142520,Si,"-31,04%",92%,66%,"1,00",1,"2,46%",1
,06/01/2021,"184,08","185,92",Si,"185,28","-0,34%","178,8","-3,83%","184,66","-0,68%","-0,50%",No,6010881,Si,"-59,13%",-114%,3%,"1,00",0,"-0,68%",0
,05/28/2021,"178,62","180,41",Si,"186,64","3,46%","178,36","-1,13%","185,01","2,55%","-0,51%",Si,8567185,Si,"-41,75%",41%,71%,"1,00",1,"2,46%",1
,05/27/2021,"174,2","175,94",Si,180,"2,31%","173,63","-1,31%","179,54","2,04%","-0,79%",Si,10844890,Si,"-26,26%",-6%,67%,"1,00",0,"2,04%",1
,05/26/2021,"168,7","170,39",Si,"175,62","3,07%","168,51","-1,10%","175,59","3,05%","-0,33%",Si,6885242,Si,"-53,18%",25%,72%,"1,00",1,"2,46%",1
,05/25/2021,"166,56","168,23",Si,"171,74","2,09%","165,1","-1,86%","169,26","0,61%","1,46%",No,7759917,Si,"-47,24%",-15%,53%,"1,00",0,"0,61%",1
,05/24/2021,"162,88","164,51",Si,"166,8","1,39%","161,01","-2,13%","164,17","-0,21%","0,89%",Si,4501276,No,"-69,39%",-43%,46%,"1,00",0,"-0,21%",0
,05/21/2021,"168,93","170,62",Si,"169,28","-0,78%","161,35","-5,43%","161,45","-5,37%","1,78%",No,5169131,Si,"-64,85%",-132%,-38%,"0,00",0,"-3,94%",0
,05/20/2021,"159,92","161,52",Si,"166,81","3,28%","158,89","-1,63%","165,97","2,76%","1,22%",No,4826341,No,"-67,18%",34%,59%,"1,00",1,"2,46%",1
,05/19/2021,"155,74","157,30",Si,"160,07","1,76%","154,51","-1,77%","157,99","0,44%","-2,38%",Si,3943745,No,"-73,18%",-28%,55%,"1,00",0,"0,44%",1
,05/18/2021,"160,16","161,76",Si,"165,75","2,47%","157,9","-2,39%","159,53","-1,38%","-0,17%",Si,4811395,No,"-67,29%",0%,39%,"1,00",1,"2,46%",1
,05/17/2021,159,"160,59",Si,"163,37","1,73%","156,72","-2,41%","160,43","-0,10%","-1,47%",Si,4219188,No,"-71,31%",-29%,39%,"1,00",0,"-0,10%",0
,05/14/2021,"150,85","152,36",Si,"162,46","6,63%","150,4","-1,29%","161,38","5,92%","0,65%",Si,6512867,Si,"-55,72%",170%,67%,"1,00",1,"2,46%",1
,05/13/2021,"152,6","154,13",Si,"155,62","0,97%","146,85","-4,72%","149,87","-2,76%","-0,05%",No,5765024,Si,"-60,80%",-60%,-20%,"0,00",0,"-3,94%",0
,05/12/2021,"154,11","155,65",Si,"158,91","2,09%","151,15","-2,89%","152,68","-1,91%","-3,07%",Si,5720784,Si,"-61,10%",-15%,27%,"1,00",0,"-1,91%",0
,05/11/2021,"151,31","152,82",Si,"161,99","6,00%","150,06","-1,81%","158,99","4,04%","-4,57%",Si,8087399,Si,"-45,01%",144%,54%,"1,00",1,"2,46%",1
,05/10/2021,"164,01","165,65",Si,"164,76","-0,54%","155,71","-6,00%","158,55","-4,29%","0,53%",No,8809685,Si,"-40,10%",-122%,-52%,"0,00",0,"-3,94%",0
,05/07/2021,"165,78","167,44",Si,"169,02","0,94%","160,82","-3,95%","163,15","-2,56%","3,29%",No,11952610,Si,"-18,73%",-61%,0%,"0,00",0,"-3,94%",0
,05/06/2021,148,"149,48",Si,"163,47","9,36%","143,56","-3,96%","160,5","7,37%","-9,11%",Si,29662340,Si,"101,69%",281%,-1%,"0,00",1,"-3,94%",0
,05/05/2021,"178,1","179,88",Si,"180,7","0,46%","156,81","-12,83%","162,84","-9,47%","2,60%",No,18914250,Si,"28,61%",-81%,-225%,"0,00",0,"-3,94%",0
,05/04/2021,"185,34","187,19",Si,"188,49","0,69%","171,63","-8,31%","173,59","-7,27%","-0,37%",No,16924199,Si,"15,07%",-72%,-111%,"0,00",0,"-3,94%",0
,05/03/2021,"183,9","185,74",Si,189,"1,76%","182,21","-1,90%","186,02","0,15%","2,84%",No,14631040,Si,"-0,52%",-28%,52%,"1,00",0,"0,15%",1
,04/30/2021,"175,59","177,35",Si,184,"3,75%","174,52","-1,59%","178,82","0,83%","-0,05%",Si,9495237,Si,"-35,44%",53%,60%,"1,00",1,"2,46%",1
,04/29/2021,"183,33","185,16",Si,"186,8","0,88%","174,76","-5,62%","175,67","-5,13%","2,60%",No,8362706,Si,"-43,14%",-64%,-43%,"0,00",0,"-3,94%",0
,04/28/2021,"182,37","184,19",Si,"182,89","-0,71%","176,12","-4,38%","178,68","-2,99%","-0,57%",No,8375405,Si,"-43,05%",-129%,-11%,"0,00",0,"-3,94%",0
,04/27/2021,"178,36","180,14",Si,"185,53","2,99%","178,18","-1,09%","183,41","1,81%","0,42%",Si,12925680,Si,"-12,11%",22%,72%,"1,00",1,"2,46%",1
,04/26/2021,"171,79","173,51",Si,"179,6","3,51%","168,88","-2,67%","177,61","2,36%","-1,06%",Si,12201730,Si,"-17,04%",43%,32%,"1,00",1,"2,46%",1
,04/23/2021,"170,31","172,01",Si,"175,51","2,03%","168,35","-2,13%","173,63","0,94%","1,31%",No,8855331,Si,"-39,79%",-17%,46%,"1,00",0,"0,94%",1
,04/22/2021,"168,26","169,94",Si,179,"5,33%","164,62","-3,13%","168,1","-1,08%","-0,73%",Si,15922380,Si,"8,26%",117%,21%,"1,00",1,"2,46%",1
,04/21/2021,"158,6","160,19",Si,"170,11","6,20%","157,69","-1,56%","169,5","5,81%","1,16%",No,11352740,Si,"-22,81%",153%,60%,"1,00",1,"2,46%",1
,04/20/2021,"160,32","161,92",Si,"162,73","0,50%","153,27","-5,34%","156,78","-3,18%","-0,98%",No,7154386,Si,"-51,35%",-80%,-36%,"0,00",0,"-3,94%",0
,04/19/2021,"166,61","168,28",Si,"168,2","-0,05%","159,6","-5,16%","161,91","-3,78%","-2,46%",No,10006650,Si,"-31,96%",-102%,-31%,"0,00",0,"-3,94%",0
,04/16/2021,"158,68","160,27",Si,"171,92","7,27%","158,21","-1,28%","170,81","6,58%","-0,74%",Si,19044900,Si,"29,49%",196%,67%,"1,00",1,"2,46%",1
,04/15/2021,159,"160,59",Si,"163,58","1,86%","155,23","-3,34%","159,87","-0,45%","-0,64%",Si,10340440,Si,"-29,69%",-24%,15%,"1,00",0,"-0,45%",0
,04/14/2021,"153,66","155,20",Si,"160,92","3,69%","152,49","-1,74%","160,03","3,11%","2,64%",No,15389840,Si,"4,64%",50%,56%,"1,00",1,"2,46%",1
,04/13/2021,"146,8","148,27",Si,"152,11","2,59%","145,35","-1,97%","149,71","0,97%","5,31%",No,13729030,Si,"-6,65%",6%,50%,"1,00",1,"2,46%",1
,04/12/2021,"142,37","143,79",Si,"143,49","-0,21%","136,36","-5,17%","139,4","-3,06%","1,03%",No,6060181,Si,"-58,79%",-109%,-31%,"0,00",0,"-3,94%",0
,04/09/2021,"133,51","134,85",Si,144,"6,79%","133,34","-1,12%","140,92","4,51%","-0,28%",Si,9918176,Si,"-32,56%",177%,72%,"1,00",1,"2,46%",1
,04/08/2021,"132,85","134,18",Si,"135,9","1,28%","132,06","-1,58%","133,88","-0,22%","1,05%",No,4530017,No,"-69,20%",-48%,60%,"1,00",0,"-0,22%",0
,04/07/2021,"132,37","133,69",Si,"135,16","1,10%","130,21","-2,61%","131,47","-1,66%","-0,87%",Si,4380038,No,"-70,22%",-55%,34%,"1,00",0,"-1,66%",0
,04/06/2021,"130,11","131,41",Si,"138,25","5,20%","128,16","-2,47%","133,53","1,61%","0,15%",Si,7438195,Si,"-49,42%",112%,37%,"1,00",1,"2,46%",1
,04/05/2021,"132,6","133,93",Si,"133,19","-0,55%","127,04","-5,14%","129,91","-3,00%","0,04%",No,5218269,Si,"-64,52%",-122%,-30%,"0,00",0,"-3,94%",0
,04/01/2021,"132,2","133,52",Si,"136,64","2,34%","130,34","-2,38%","132,55","-0,73%","0,95%",Si,7269665,Si,"-50,57%",-5%,40%,"1,00",0,"-0,73%",0
,03/31/2021,"121,1","122,31",Si,"131,8","7,76%","119,33","-2,44%","130,95","7,06%","2,20%",No,10015690,Si,"-31,90%",216%,38%,"1,00",1,"2,46%",1
,03/30/2021,"123,15","124,38",Si,"123,6","-0,63%","117,34","-5,66%","118,49","-4,74%","-0,22%",No,11061640,Si,"-24,79%",-126%,-44%,"0,00",0,"-3,94%",0
,03/29/2021,"130,11","131,41",Si,"131,3","-0,08%","121,9","-7,24%","123,42","-6,08%","-2,38%",No,10814820,Si,"-26,47%",-103%,-84%,"0,00",0,"-3,94%",0
,03/26/2021,"133,38","134,71",Si,"135,6","0,66%","128,02","-4,97%","133,28","-1,06%","0,04%",No,4047117,No,"-72,48%",-73%,-26%,"0,00",0,"-3,94%",0
,03/25/2021,"127,33","128,60",Si,"134,31","4,44%","126,42","-1,70%","133,33","3,68%","-3,25%",Si,5696322,Si,"-61,27%",81%,57%,"1,00",1,"2,46%",1
,03/24/2021,"137,25","138,62",Si,"137,74","-0,64%","131,01","-5,49%","131,61","-5,06%","0,53%",No,5864615,Si,"-60,12%",-126%,-39%,"0,00",0,"-3,94%",0
,03/23/2021,"145,61","147,07",Si,"146,19","-0,60%","136,38","-7,27%","136,52","-7,17%","0,01%",No,6961240,Si,"-52,67%",-124%,-84%,"0,00",0,"-3,94%",0
,03/22/2021,"144,19","145,63",Si,"147,92","1,57%","141,85","-2,60%","145,6","-0,02%","0,31%",Si,6050730,Si,"-58,86%",-36%,34%,"1,00",0,"-0,02%",0
,03/19/2021,"143,06","144,49",Si,"145,18","0,48%","138,53","-4,13%","143,74","-0,52%","1,13%",No,6933748,Si,"-52,85%",-81%,-5%,"0,00",0,"-3,94%",0
,03/18/2021,"144,45","145,89",Si,"147,61","1,18%","140,86","-3,45%","141,46","-3,04%","-2,10%",Si,7144867,Si,"-51,42%",-52%,12%,"1,00",0,"-3,04%",0
,03/17/2021,"150,25","151,75",Si,"152,08","0,22%","143,25","-5,60%","147,55","-2,77%","-3,70%",No,12894890,Si,"-12,32%",-91%,-42%,"0,00",0,"-3,94%",0
,03/16/2021,"148,5","149,99",Si,"157,75","5,18%","145,84","-2,76%","156,02","4,02%","3,37%",No,16991619,Si,"15,53%",111%,30%,"1,00",1,"2,46%",1
,03/15/2021,"136,77","138,14",Si,"143,85","4,14%","135,01","-2,26%","143,66","4,00%","-0,16%",Si,7361627,Si,"-49,95%",69%,43%,"1,00",1,"2,46%",1
,03/12/2021,"134,04","135,38",Si,"138,74","2,48%","133,2","-1,61%","136,99","1,19%","-4,58%",Si,4923074,No,"-66,53%",1%,59%,"1,00",1,"2,46%",1
,03/11/2021,"132,98","134,31",Si,"140,85","4,87%","131,48","-2,11%","140,47","4,59%","2,49%",No,8140123,Si,"-44,65%",98%,47%,"1,00",1,"2,46%",1
,03/10/2021,"133,62","134,96",Si,"135,72","0,57%","128,79","-4,57%","129,75","-3,86%","2,10%",No,5555909,Si,"-62,22%",-77%,-16%,"0,00",0,"-3,94%",0
,03/09/2021,"127,11","128,38",Si,"132,3","3,05%","125,6","-2,17%","130,87","1,94%","2,95%",No,7834221,Si,"-46,73%",24%,45%,"1,00",1,"2,46%",1
,03/08/2021,"129,15","130,44",Si,"133,55","2,38%","122,48","-6,10%","123,47","-5,34%","-2,30%",Si,6839340,Si,"-53,50%",-3%,-55%,"0,00",0,"-3,94%",0
,03/05/2021,"133,07","134,40",Si,"134,27","-0,10%","121,12","-9,88%","132,19","-1,64%","0,58%",No,12039640,Si,"-18,14%",-104%,-151%,"0,00",0,"-3,94%",0
,03/04/2021,"128,7","129,99",Si,"135,47","4,22%","126,69","-2,54%","132,3","1,78%","-1,92%",Si,10929540,Si,"-25,69%",72%,36%,"1,00",1,"2,46%",1
,03/03/2021,"146,09","147,55",Si,"147,32","-0,16%",131,"-11,22%","131,22","-11,07%","-0,49%",No,13683460,Si,"-6,96%",-106%,-185%,"0,00",0,"-3,94%",0
,03/02/2021,"153,5","155,04",Si,"154,47","-0,36%","146,44","-5,54%","146,81","-5,31%","-2,48%",No,8630604,Si,"-41,32%",-115%,-41%,"0,00",0,"-3,94%",0
,03/01/2021,"154,46","156,00",Si,"157,78","1,14%","145,25","-6,89%","157,4","0,89%","-0,23%",Si,15351560,Si,"4,38%",-54%,-75%,"0,00",0,"-3,94%",0
,02/26/2021,"157,98","159,56",Si,"159,6","0,03%","150,88","-5,44%","154,81","-2,98%","6,47%",No,13445240,Si,"-8,58%",-99%,-38%,"0,00",0,"-3,94%",0
,02/25/2021,"150,78","152,29",Si,"160,98","5,71%","145,86","-4,22%","148,38","-2,57%","4,14%",No,15172130,Si,"3,16%",133%,-7%,"0,00",1,"-3,94%",0
,02/24/2021,"150,41","151,91",Si,151,"-0,60%","143,47","-5,56%","144,79","-4,69%","0,16%",No,9757204,Si,"-33,66%",-125%,-41%,"0,00",0,"-3,94%",0
,02/23/2021,"151,25","152,76",Si,153,"0,16%",136,"-10,97%","150,17","-1,70%","-5,10%",No,15509170,Si,"5,45%",-94%,-178%,"0,00",0,"-3,94%",0
,02/22/2021,"167,8","169,48",Si,"170,35","0,51%","158,58","-6,43%","159,37","-5,96%","-3,97%",No,11152700,Si,"-24,17%",-79%,-63%,"0,00",0,"-3,94%",0
,02/19/2021,"173,54","175,28",Si,"179,3","2,30%","170,53","-2,71%","174,74","-0,31%","2,34%",No,6413592,Si,"-56,39%",-6%,31%,"1,00",0,"-0,31%",0
,02/18/2021,"171,59","173,31",Si,"175,47","1,25%",168,"-3,06%","169,57","-2,16%","-2,92%",Si,5124102,Si,"-65,16%",-49%,22%,"1,00",0,"-2,16%",0
,02/17/2021,"174,28","176,02",Si,"178,01","1,13%","171,62","-2,50%","176,76","0,42%","-2,38%",Si,6554586,Si,"-55,43%",-54%,37%,"1,00",0,"0,42%",1
,02/16/2021,"182,41","184,23",Si,"184,18","-0,03%","173,51","-5,82%","178,53","-3,10%","-0,72%",No,6917541,Si,"-52,96%",-101%,-48%,"0,00",0,"-3,94%",0
,02/12/2021,"184,89","186,74",Si,185,"-0,93%","177,58","-4,90%","183,74","-1,61%","0,79%",No,5705535,Si,"-61,21%",-138%,-24%,"0,00",0,"-3,94%",0
,02/11/2021,"178,29","180,07",Si,"184,22","2,30%","176,2","-2,15%","183,44","1,87%","-0,59%",Si,5464092,Si,"-62,85%",-6%,45%,"1,00",0,"1,87%",1
,02/10/2021,"182,74","184,57",Si,"185,22","0,35%","176,37","-4,44%","179,34","-2,83%","1,79%",No,7067541,Si,"-51,94%",-86%,-13%,"0,00",0,"-3,94%",0
,02/09/2021,"186,21","188,07",Si,187,"-0,57%","177,27","-5,74%","179,52","-4,55%","0,12%",No,8403123,Si,"-42,86%",-123%,-46%,"0,00",0,"-3,94%",0
,02/08/2021,177,"178,77",Si,"189,26","5,87%","176,81","-1,10%","185,98","4,03%","0,43%",Si,12940160,Si,"-12,01%",139%,72%,"1,00",1,"2,46%",1
,02/05/2021,"170,99","172,70",Si,"177,5","2,78%","170,26","-1,41%","176,24","2,05%","-1,34%",Si,8990045,Si,"-38,87%",13%,64%,"1,00",1,"2,46%",1
,02/04/2021,"166,42","168,08",Si,"173,73","3,36%","164,25","-2,28%","173,31","3,11%","0,34%",Si,10618280,Si,"-27,80%",37%,42%,"1,00",1,"2,46%",1
,02/03/2021,"156,6","158,17",Si,"168,39","6,46%","156,4","-1,12%","165,86","4,86%","-1,25%",Si,11355920,Si,"-22,79%",163%,72%,"1,00",1,"2,46%",1
,02/02/2021,"158,52","160,11",Si,"159,05","-0,66%","147,1","-8,12%","158,58","-0,95%","0,66%",No,14923860,Si,"1,47%",-127%,-106%,"0,00",0,"-3,94%",0
,02/01/2021,"173,03","174,76",Si,"174,5","-0,15%","154,3","-11,71%","157,48","-9,89%","-0,08%",No,22056529,Si,"49,97%",-106%,-197%,"0,00",0,"-3,94%",0
,01/29/2021,"174,99","176,74",Si,"185,98","5,23%","166,2","-5,96%","173,16","-2,03%","9,68%",No,39687301,Si,"169,85%",113%,-51%,"0,00",1,"-3,94%",0
,01/28/2021,"154,11","155,65",Si,168,"7,93%","153,62","-1,30%","159,55","2,50%","-1,04%",Si,16497369,Si,"12,17%",223%,67%,"1,00",1,"2,46%",1
,01/27/2021,"151,2","152,71",Si,"164,55","7,75%",149,"-2,43%","155,73","1,98%","-0,48%",Si,20262920,Si,"37,78%",216%,38%,"1,00",1,"2,46%",1
,01/26/2021,"145,15","146,60",Si,"154,55","5,42%",145,"-1,09%","151,93","3,63%","-1,26%",Si,16964730,Si,"15,35%",121%,72%,"1,00",1,"2,46%",1
,01/25/2021,"138,4","139,78",Si,"147,43","5,47%","137,25","-1,81%",147,"5,16%","5,63%",No,26970869,Si,"83,39%",123%,54%,"1,00",1,"2,46%",1
,01/22/2021,"132,5","133,83",Si,"135,87","1,53%","128,9","-3,68%","131,02","-2,10%","-0,36%",Si,10067190,Si,"-31,55%",-38%,7%,"1,00",0,"-2,10%",0
,01/21/2021,"125,28","126,53",Si,137,"8,27%","125,25","-1,01%","132,98","5,10%","0,11%",Si,20880840,Si,"41,98%",237%,74%,"1,00",1,"2,46%",1
,01/20/2021,"124,51","125,76",Si,"126,01","0,20%","122,25","-2,79%","125,14","-0,49%","-0,40%",No,8001568,Si,"-45,59%",-92%,29%,"1,00",0,"-0,49%",0
,01/19/2021,"122,1","123,32",Si,"126,36","2,46%","120,5","-2,29%","125,01","1,37%","-5,82%",Si,16528900,Si,"12,39%",0%,42%,"1,00",1,"2,46%",1
,01/15/2021,"129,6","130,90",Si,"133,29","1,83%","126,58","-3,30%","129,65","-0,95%","-0,09%",Si,15769540,Si,"7,22%",-25%,16%,"1,00",0,"-0,95%",0
,01/14/2021,"122,8","124,03",Si,"130,98","5,61%","122,8","-0,99%","129,72","4,59%","-1,02%",Si,13346730,Si,"-9,25%",128%,75%,"1,00",1,"2,46%",1
,01/13/2021,"123,7","124,94",Si,"127,58","2,12%","120,74","-3,36%","124,06","-0,70%","-0,68%",Si,14324640,Si,"-2,60%",-14%,15%,"1,00",0,"-0,70%",0
,01/12/2021,"117,93","119,11",Si,"124,91","4,87%","117,12","-1,67%","124,55","4,57%","0,57%",Si,15300720,Si,"4,04%",99%,58%,"1,00",1,"2,46%",1
,01/11/2021,"112,75","113,88",Si,"121,24","6,47%","112,62","-1,10%","117,26","2,97%","0,00%",Si,16650650,Si,"13,21%",164%,72%,"1,00",1,"2,46%",1
,01/08/2021,"116,52","117,69",Si,"117,71","0,02%","111,49","-5,26%","112,75","-4,19%","1,24%",No,12376940,Si,"-15,84%",-99%,-34%,"0,00",0,"-3,94%",0
,01/07/2021,"120,1","121,30",Si,"122,82","1,25%","112,13","-7,56%","115,09","-5,12%","3,30%",No,20614070,Si,"40,16%",-49%,-92%,"0,00",0,"-3,94%",0
,01/06/2021,"111,11","112,22",Si,"116,93","4,20%","110,28","-1,73%","116,26","3,60%","1,77%",No,21590930,Si,"46,81%",71%,56%,"1,00",1,"2,46%",1
,01/05/2021,"113,82","114,96",Si,"114,98","0,02%","107,2","-6,75%","109,18","-5,03%","1,87%",No,15450800,Si,"5,06%",-99%,-71%,"0,00",0,"-3,94%",0
,01/04/2021,"107,23","108,30",Si,"113,63","4,92%","103,26","-4,66%","111,73","3,16%","2,64%",No,22439551,Si,"52,58%",101%,-18%,"0,00",1,"-3,94%",0
,12/31/2020,"110,55","111,66",Si,"113,55","1,70%","102,66","-8,06%","104,47","-6,44%","-0,52%",Si,23369869,Si,"58,90%",-31%,-104%,"0,00",0,"-3,94%",0
,12/30/2020,"118,4","119,58",Si,"118,94","-0,54%","108,8","-9,02%","111,13","-7,07%","3,51%",No,23965539,Si,"62,95%",-122%,-129%,"0,00",0,"-3,94%",0
,12/29/2020,"107,8","108,88",Si,"116,25","6,77%","106,88","-1,84%","114,39","5,06%","-3,23%",Si,23718801,Si,"61,27%",176%,53%,"1,00",1,"2,46%",1
,12/28/2020,"120,04","121,24",Si,"122,88","1,35%","111,05","-8,41%","111,4","-8,12%","-2,71%",Si,31088170,Si,"111,38%",-45%,-113%,"0,00",0,"-3,94%",0
,12/24/2020,"125,94","127,20",Si,"129,7","1,97%","122,72","-3,52%","123,39","-2,99%","-3,38%",Si,12720590,Si,"-13,51%",-20%,11%,"1,00",0,"-2,99%",0
,12/23/2020,"120,05","121,25",Si,132,"8,87%",115,"-5,16%","130,34","7,50%","-4,63%",Si,41905039,Si,"184,93%",261%,-31%,"0,00",1,"-3,94%",0
,12/22/2020,139,"140,39",Si,"141,4","0,72%",123,"-12,39%","125,88","-10,34%","0,51%",No,36126941,Si,"145,64%",-71%,-214%,"0,00",0,"-3,94%",0
,12/21/2020,"140,84","142,25",Si,"147,26","3,52%","137,79","-3,13%","138,3","-2,78%","0,43%",Si,23921051,Si,"62,65%",44%,20%,"1,00",1,"2,46%",1
,12/18/2020,"141,51","142,93",Si,145,"1,45%","135,06","-5,50%","140,23","-1,89%","-1,73%",Si,33157828,Si,"125,45%",-41%,-40%,"0,00",0,"-3,94%",0
,12/17/2020,"137,92","139,30",Si,"146,97","5,51%","137,3","-1,44%",144,"3,37%","0,65%",Si,32404461,Si,"120,33%",124%,64%,"1,00",1,"2,46%",1
,12/16/2020,"137,75","139,13",Si,"141,33","1,58%","134,31","-3,46%","137,03","-1,51%","-6,43%",Si,28476279,Si,"93,62%",-35%,12%,"1,00",0,"-1,51%",0
,12/15/2020,157,"158,57",Si,"157,28","-0,81%","142,46","-10,16%","147,22","-7,16%","1,24%",No,36451262,Si,"147,85%",-133%,-158%,"0,00",0,"-3,94%",0
,12/14/2020,"163,4","165,03",Si,"163,76","-0,77%","152,56","-7,56%","155,07","-6,04%","4,12%",No,22467740,Si,"52,77%",-131%,-92%,"0,00",0,"-3,94%",0
,12/11/2020,"159,7","161,30",Si,"163,75","1,52%","155,89","-3,35%","156,93","-2,71%","2,58%",No,22069859,Si,"50,06%",-38%,15%,"1,00",0,"-2,71%",0
,12/10/2020,"151,13","152,64",Si,"159,5","4,49%","148,01","-3,03%","155,69","2,00%","-3,49%",Si,22059971,Si,"49,99%",83%,23%,"1,00",1,"2,46%",1
,12/09/2020,"170,2","171,90",Si,"170,8","-0,64%","147,2","-14,37%","156,59","-8,91%","0,20%",No,40951699,Si,"178,45%",-126%,-265%,"0,00",0,"-3,94%",0
,12/08/2020,"165,75","167,41",Si,"170,51","1,85%","164,3","-1,86%","169,86","1,46%","3,91%",No,27738721,Si,"88,61%",-24%,53%,"1,00",0,"1,46%",1
,12/07/2020,"155,03","156,58",Si,"163,98","4,73%","152,97","-2,31%","159,52","1,88%","1,65%",No,31409840,Si,"113,57%",93%,41%,"1,00",1,"2,46%",1
,12/04/2020,"157,59","159,17",Si,"157,82","-0,85%","148,51","-6,69%","152,52","-4,18%","0,21%",No,27704830,Si,"88,38%",-134%,-70%,"0,00",0,"-3,94%",0
,12/03/2020,"143,5","144,94",Si,"159,11","9,78%","143,01","-1,33%","157,26","8,50%","0,35%",Si,38656512,Si,"162,84%",299%,66%,"1,00",1,"2,46%",1
,12/02/2020,"138,63","140,02",Si,"149,8","6,99%","128,1","-8,51%",143,"2,13%","-1,69%",Si,51217328,Si,"248,25%",185%,-116%,"0,00",1,"-3,94%",0
,12/01/2020,"177,66","179,44",Si,"178,5","-0,52%","130,33","-27,37%","141,01","-21,42%","16,32%",No,125552305,Si,"753,68%",-121%,-595%,"0,00",0,"-3,94%",0
,11/30/2020,144,"145,44",Si,"153,87","5,80%","141,05","-3,02%","152,74","5,02%","13,36%",No,73203055,Si,"397,74%",136%,23%,"1,00",1,"2,46%",1
,11/27/2020,"115,12","116,27",Si,"130,06","11,86%","114,86","-1,21%","127,03","9,25%","5,44%",No,43438500,Si,"195,36%",383%,69%,"1,00",1,"2,46%",1
,11/25/2020,"99,03","100,02",Si,"109,29","9,27%","98,65","-1,37%","109,18","9,16%","0,48%",Si,25850689,Si,"75,77%",278%,65%,"1,00",1,"2,46%",1
,11/24/2020,"98,4","99,38",Si,"99,89","0,51%","93,54","-5,88%","98,56","-0,83%","-2,60%",No,12515340,Si,"-14,90%",-79%,-49%,"0,00",0,"-3,94%",0
,11/23/2020,"100,77","101,78",Si,"101,77","-0,01%","98,62","-3,10%","101,03","-0,73%","3,24%",No,16359620,Si,"11,24%",-100%,21%,"1,00",0,"-0,73%",0
,11/20/2020,95,"95,95",Si,"98,43","2,58%","94,82","-1,18%","97,61","1,73%","2,40%",No,15306300,Si,"4,07%",5%,70%,"1,00",1,"2,46%",1
,11/19/2020,90,"90,90",Si,"94,65","4,13%","89,51","-1,53%","92,77","2,06%","1,25%",No,16002020,Si,"8,80%",68%,61%,"1,00",1,"2,46%",1
,11/18/2020,"93,87","94,81",Si,94,"-0,85%","88,61","-6,54%","88,89","-6,24%","0,77%",No,21823449,Si,"48,39%",-135%,-66%,"0,00",0,"-3,94%",0
,11/17/2020,"97,23","98,20",Si,"97,8","-0,41%","91,6","-6,72%","93,15","-5,14%","-0,74%",No,26171961,Si,"77,95%",-117%,-71%,"0,00",0,"-3,94%",0
,11/16/2020,"100,31","101,31",Si,"103,2","1,86%","93,3","-7,91%","97,95","-3,32%","12,22%",No,70853055,Si,"381,76%",-24%,-101%,"0,00",0,"-3,94%",0
,11/13/2020,"86,62","87,49",Si,"90,53","3,48%","85,22","-2,59%","89,39","2,18%","-1,36%",Si,14176720,Si,"-3,61%",42%,34%,"1,00",1,"2,46%",1
,11/12/2020,"85,18","86,03",Si,"87,93","2,21%","83,83","-2,56%","87,81","2,07%","3,32%",No,21750391,Si,"47,89%",-10%,35%,"1,00",0,"2,07%",1
,11/11/2020,"77,05","77,82",Si,"83,98","7,92%","76,13","-2,17%","82,44","5,94%","1,31%",No,18576500,Si,"26,31%",223%,45%,"1,00",1,"2,46%",1
,11/10/2020,80,"80,80",Si,"80,38","-0,52%","73,52","-9,01%","76,05","-5,88%","2,91%",No,10499400,Si,"-28,61%",-121%,-129%,"0,00",0,"-3,94%",0
,11/09/2020,"77,75","78,53",Si,"80,25","2,19%","75,42","-3,96%","77,74","-1,00%","7,32%",No,20266811,Si,"37,80%",-11%,0%,"0,00",0,"-3,94%",0
,11/06/2020,"71,42","72,13",Si,"74,16","2,81%","70,87","-1,75%","72,45","0,44%","-0,08%",Si,5841047,Si,"-60,28%",14%,56%,"1,00",1,"2,46%",1
,11/05/2020,"71,09","71,80",Si,"71,59","-0,29%","70,16","-2,29%","71,48","-0,45%","1,83%",No,4449850,No,"-69,74%",-112%,42%,"1,00",0,"-0,45%",0
,11/04/2020,"68,97","69,66",Si,"71,55","2,71%","68,92","-1,06%","69,81","0,22%","-0,16%",Si,5442067,Si,"-63,00%",11%,73%,"1,00",1,"2,46%",1
,11/03/2020,"66,75","67,42",Si,"69,25","2,72%","66,59","-1,23%","69,08","2,47%","-0,54%",Si,4366928,No,"-70,31%",11%,69%,"1,00",1,"2,46%",1
,11/02/2020,"68,02","68,70",Si,"68,6","-0,15%","66,55","-3,13%","67,11","-2,31%","0,82%",No,4650268,No,"-68,38%",-106%,21%,"1,00",0,"-2,31%",0
,10/30/2020,"70,8","71,51",Si,"71,49","-0,03%","66,85","-6,51%","67,47","-5,65%","-0,67%",No,7085797,Si,"-51,82%",-101%,-65%,"0,00",0,"-3,94%",0
,10/29/2020,"68,35","69,03",Si,"74,54","7,98%","66,23","-4,06%","71,28","3,25%","3,97%",No,13776430,Si,"-6,33%",225%,-3%,"0,00",1,"-3,94%",0
,10/28/2020,"68,95","69,64",Si,"69,47","-0,24%","65,49","-5,96%","65,74","-5,60%","-2,43%",No,6043991,Si,"-58,90%",-110%,-51%,"0,00",0,"-3,94%",0
,10/27/2020,"70,45","71,15",Si,"71,35","0,27%","68,81","-3,29%","70,67","-0,68%","0,30%",No,3812879,No,"-74,07%",-89%,16%,"1,00",0,"-0,68%",0
,10/26/2020,"70,36","71,06",Si,"71,32","0,36%","68,7","-3,33%","70,24","-1,16%","-0,24%",No,3872799,No,"-73,67%",-85%,16%,"1,00",0,"-1,16%",0
,10/23/2020,"72,3","73,02",Si,"72,4","-0,85%","68,8","-5,78%","70,53","-3,41%","2,06%",No,3735087,No,"-74,60%",-135%,-47%,"0,00",0,"-3,94%",0
,10/22/2020,"68,5","69,19",Si,"72,53","4,83%","68,4","-1,13%","70,84","2,39%","0,19%",Si,5212065,Si,"-64,56%",97%,71%,"1,00",1,"2,46%",1
,10/21/2020,"71,57","72,29",Si,"71,58","-0,98%","68,06","-5,85%","68,37","-5,42%","0,36%",No,4614813,No,"-68,62%",-140%,-48%,"0,00",0,"-3,94%",0
,10/20/2020,"72,07","72,79",Si,"73,1","0,42%","70,65","-2,94%","71,31","-2,03%","1,56%",No,5441299,Si,"-63,00%",-83%,25%,"1,00",0,"-2,03%",0
,10/19/2020,"73,97","74,71",Si,"74,09","-0,83%","70,5","-5,63%","70,96","-5,02%","0,04%",No,6931283,Si,"-52,87%",-134%,-43%,"0,00",0,"-3,94%",0
,10/16/2020,"76,06","76,82",Si,"76,93","0,14%","73,67","-4,10%","73,94","-3,75%","0,64%",No,4693584,No,"-68,09%",-94%,-4%,"0,00",0,"-3,94%",0
,10/15/2020,"75,48","76,23",Si,"76,49","0,33%","73,71","-3,31%","75,58","-0,86%","-1,41%",No,5014595,Si,"-65,90%",-86%,16%,"1,00",0,"-0,86%",0
,10/14/2020,"80,01","80,81",Si,"80,01","-0,99%","76,33","-5,54%","76,56","-5,26%","2,20%",No,6643833,Si,"-54,83%",-140%,-41%,"0,00",0,"-3,94%",0
,10/13/2020,"75,93","76,69",Si,"81,37","6,10%","75,52","-1,52%","78,29","2,09%","0,82%",Si,13669190,Si,"-7,06%",149%,61%,"1,00",1,"2,46%",1
,10/12/2020,"73,61","74,35",Si,"75,85","2,02%","72,92","-1,92%","75,31","1,30%","0,84%",Si,7590764,Si,"-48,39%",-18%,51%,"1,00",0,"1,30%",1
,10/09/2020,"73,42","74,15",Si,"73,67","-0,65%","72,39","-2,38%",73,"-1,56%","0,67%",No,4774015,No,"-67,54%",-127%,40%,"1,00",0,"-1,56%",0
,10/08/2020,"73,5","74,24",Si,"73,76","-0,64%","72,01","-3,00%","72,93","-1,76%","1,56%",No,4023816,No,"-72,64%",-126%,24%,"1,00",0,"-1,76%",0
,10/07/2020,"71,23","71,94",Si,"73,24","1,80%","70,96","-1,37%","72,37","0,59%","0,27%",Si,4190611,No,"-71,51%",-26%,65%,"1,00",0,"0,59%",1
,10/06/2020,72,"72,72",Si,"73,92","1,65%","70,31","-3,31%","71,04","-2,31%","0,07%",Si,7285512,Si,"-50,46%",-33%,16%,"1,00",0,"-2,31%",0
,10/05/2020,"69,64","70,34",Si,"72,02","2,39%","69,05","-1,83%","71,95","2,29%","1,21%",No,6518121,Si,"-55,68%",-2%,54%,"1,00",0,"2,29%",1
,10/02/2020,"67,9","68,58",Si,"72,77","6,11%","67,25","-1,94%","68,81","0,34%","-3,04%",Si,8004919,Si,"-45,57%",149%,51%,"1,00",1,"2,46%",1
,10/01/2020,"69,57","70,27",Si,"70,2","-0,09%","68,16","-3,00%","70,03","-0,34%","-1,67%",No,6838969,Si,"-53,50%",-104%,24%,"1,00",0,"-0,34%",0
,09/30/2020,"72,51","73,24",Si,"75,39","2,94%","70,16","-4,20%","70,75","-3,39%","2,82%",No,15690710,Si,"6,69%",20%,-7%,"0,00",1,"-3,94%",0
,09/29/2020,"70,46","71,16",Si,"71,34","0,25%","69,59","-2,21%","70,52","-0,91%","-0,13%",No,6294318,Si,"-57,20%",-90%,44%,"1,00",0,"-0,91%",0
,09/28/2020,"69,59","70,29",Si,"71,5","1,73%","69,1","-1,69%","70,55","0,38%","0,17%",Si,7337397,Si,"-50,11%",-30%,57%,"1,00",0,"0,38%",1
,09/25/2020,"65,89","66,55",Si,"69,73","4,78%","65,67","-1,32%","69,47","4,39%","1,10%",No,9190629,Si,"-37,51%",95%,66%,"1,00",1,"2,46%",1
,09/24/2020,"65,5","66,16",Si,"66,77","0,93%","63,64","-3,80%","65,17","-1,49%","-2,47%",No,5565191,Si,"-62,16%",-62%,4%,"1,00",0,"-1,49%",0
,09/23/2020,"67,87","68,55",Si,"68,62","0,10%","65,77","-4,05%","67,16","-2,03%","-1,24%",No,6919352,Si,"-52,95%",-96%,-3%,"0,00",0,"-3,94%",0
,09/22/2020,"67,5","68,18",Si,"69,19","1,49%","66,67","-2,21%","68,72","0,80%","-2,54%",Si,6303612,Si,"-57,14%",-39%,44%,"1,00",0,"0,80%",1
,09/21/2020,"68,6","69,29",Si,"69,48","0,28%","65,46","-5,52%","69,26","-0,04%","-1,82%",No,8223034,Si,"-44,09%",-89%,-40%,"0,00",0,"-3,94%",0
,09/18/2020,"68,28","68,96",Si,70,"1,50%","66,1","-4,15%","69,87","1,32%","0,57%",Si,13206190,Si,"-10,21%",-39%,-5%,"0,00",0,"-3,94%",0
,09/17/2020,"68,5","69,19",Si,"70,9","2,48%","64,6","-6,63%","67,89","-1,87%","-0,49%",Si,13275200,Si,"-9,74%",1%,-68%,"0,00",1,"-3,94%",0
,09/16/2020,"67,64","68,32",Si,"70,04","2,52%","66,73","-2,32%","68,84","0,77%","1,14%",No,11398010,Si,"-22,50%",3%,41%,"1,00",1,"2,46%",1
,09/15/2020,"65,03","65,68",Si,"68,41","4,16%","64,23","-2,21%","66,88","1,83%","2,14%",No,9101184,Si,"-38,12%",69%,44%,"1,00",1,"2,46%",1
,09/14/2020,"60,15","60,75",Si,"63,85","5,10%","60,12","-1,04%","63,67","4,80%","1,37%",No,8930779,Si,"-39,28%",108%,74%,"1,00",1,"2,46%",1
,09/11/2020,"58,49","59,07",Si,"59,51","0,74%","57,45","-2,75%","59,34","0,45%","1,62%",No,4821869,No,"-67,21%",-70%,30%,"1,00",0,"0,45%",1
,09/10/2020,"57,04","57,61",Si,"60,32","4,70%","56,87","-1,29%","57,56","-0,09%","0,25%",Si,7985321,Si,"-45,70%",92%,67%,"1,00",1,"2,46%",1
,09/09/2020,"56,03","56,59",Si,"57,19","1,06%","54,51","-3,68%","56,9","0,55%","3,11%",No,9355441,Si,"-36,39%",-57%,7%,"1,00",0,"0,55%",1
,09/08/2020,"57,75","58,33",Si,"58,6","0,47%","54,21","-7,06%","54,34","-6,84%","-7,75%",No,17706211,Si,"20,39%",-81%,-79%,"0,00",0,"-3,94%",0
,09/04/2020,"64,99","65,64",Si,65,"-0,97%","59,01","-10,10%","62,6","-4,63%","0,23%",No,11653290,Si,"-20,76%",-140%,-156%,"0,00",0,"-3,94%",0
,09/03/2020,"65,65","66,31",Si,"69,35","4,59%","64,3","-3,03%","64,84","-2,21%","1,44%",No,14307320,Si,"-2,72%",87%,23%,"1,00",1,"2,46%",1
,09/02/2020,"62,84","63,47",Si,"64,89","2,24%","61,38","-3,29%","64,72","1,97%","-0,76%",Si,9874614,Si,"-32,86%",-9%,16%,"1,00",0,"1,97%",1
,09/01/2020,"63,54","64,18",Si,"64,5","0,51%","62,5","-2,61%","63,32","-1,33%","-2,08%",No,8200671,Si,"-44,24%",-79%,34%,"1,00",0,"-1,33%",0
,08/31/2020,"67,14","67,81",Si,"67,2","-0,90%","62,54","-7,77%","64,89","-4,31%","-0,52%",No,15271800,Si,"3,84%",-137%,-97%,"0,00",0,"-3,94%",0
,08/28/2020,"68,04","68,72",Si,"68,95","0,33%","67,15","-2,29%","67,49","-1,79%","0,01%",No,6383705,Si,"-56,59%",-86%,42%,"1,00",0,"-1,79%",0
,08/27/2020,"69,98","70,68",Si,"70,32","-0,51%","67,01","-5,19%","68,03","-3,75%","-0,74%",No,9262562,Si,"-37,02%",-121%,-32%,"0,00",0,"-3,94%",0
,08/26/2020,"67,62","68,30",Si,"71,64","4,90%","66,03","-3,32%","70,5","3,23%","2,07%",No,28768080,Si,"95,61%",100%,16%,"1,00",1,"2,46%",1
,08/25/2020,"64,32","64,96",Si,"66,7","2,67%","63,55","-2,18%","66,25","1,98%","-0,86%",Si,7798501,Si,"-46,97%",9%,45%,"1,00",1,"2,46%",1
,08/24/2020,"67,15","67,82",Si,"67,85","0,04%","62,88","-7,29%","64,88","-4,34%","1,05%",No,13143240,Si,"-10,63%",-98%,-85%,"0,00",0,"-3,94%",0
,08/21/2020,"67,5","68,18",Si,"68,02","-0,23%","65,6","-3,78%","66,45","-2,53%","-0,46%",No,6935608,Si,"-52,84%",-109%,4%,"1,00",0,"-2,53%",0
,08/20/2020,"67,79","68,47",Si,68,"-0,68%","66,63","-2,68%","67,81","-0,96%","-0,31%",No,6346700,Si,"-56,85%",-128%,32%,"1,00",0,"-0,96%",0
,08/19/2020,"66,74","67,41",Si,"69,17","2,61%","66,6","-1,20%",68,"0,88%","-0,43%",Si,8558809,Si,"-41,81%",7%,70%,"1,00",1,"2,46%",1
,08/18/2020,"68,28","68,96",Si,"69,7","1,07%","65,23","-5,41%","67,03","-2,80%","-2,12%",Si,11329150,Si,"-22,97%",-56%,-37%,"0,00",0,"-3,94%",0
,08/17/2020,"69,14","69,83",Si,"70,78","1,36%","68,38","-2,08%","69,76","-0,10%","-0,01%",Si,8749112,Si,"-40,51%",-45%,47%,"1,00",0,"-0,10%",0
,08/14/2020,"68,06","68,74",Si,"70,36","2,36%","67,86","-1,28%","69,15","0,60%","0,34%",Si,12799580,Si,"-12,97%",-4%,67%,"1,00",0,"0,60%",1
,08/13/2020,"69,09","69,78",Si,"69,18","-0,86%","67,05","-3,91%","67,83","-2,80%","-0,62%",No,15055930,Si,"2,37%",-135%,1%,"1,00",0,"-2,80%",0
,08/12/2020,"75,67","76,43",Si,"75,75","-0,89%","68,3","-10,63%","69,52","-9,04%","9,71%",No,50471488,Si,"243,18%",-136%,-170%,"0,00",0,"-3,94%",0
,08/11/2020,"69,52","70,22",Si,"71,4","1,69%",67,"-4,58%","68,97","-1,77%","-3,46%",Si,18118730,Si,"23,20%",-31%,-16%,"0,00",0,"-3,94%",0
,08/10/2020,"74,27","75,01",Si,75,"-0,02%","71,41","-4,80%","72,01","-4,00%",#DIV/0!,#DIV/0!,8678274,Si,"-40,99%",-101%,-22%,"0,00",0,"-3,94%",0
,,,,,,"2,45%",,"-3,94%",,,,,"14707167,12",,,,,,,,
,,,,,,,,,,,,,,,,,,,,,
,,,,,,,,,,,,,,,"0,50%","69,09%",Ganadoras,,,,
,Desvio Estandard,,,,,,,,,,,,,,,"30,91%",Perdedoras,,,,
,"1,46%",,,,,,,,,,,,,,,"7,00%",Rdo Final,,,,
,"18,86%",,,,,,,,,,,,,,,,,,,,
,"1,17%",,,,,,,,,,,,,,"0,90%","67,31%",Ganadoras,,,,
,"7,29%",,,,,,,,,,,,,,,"32,69%",Perdedoras,,,,
,"11,35%",,,,,,,,,,,,,,,"-15,40%",Rdo Final,,,,
,"9,94%",,,,,,,,,,,,,,,,,,,,
,"2,72%",,,,,,,,,,,,,,"1,00%","68,32%",Ganadoras,,,,
,"1,84%",,,,,,,,,,,,,,,"31,68%",Perdedoras,,,,
,"1,82%",,,,,,,,,,,,,,,"-7,65%",Rdo Final,,,,
,"2,30%",,,,,,,,,,,,,,,,,,,,
,"8,09%",,,,,,,,,,,,,,"1,10%","69,70%",Ganadoras,,,,
,"10,61%",,,,,,,,,,,,,,,"30,30%",Perdedoras,,,,
,"4,85%",,,,,,,,,,,,,,,"-5,72%",Rdo Final,,,,
,"4,30%",,,,,,,,,,,,,,,,,,,,
,"3,90%",,,,,,,,,,,,,,"1,50%","74,42%",Ganadoras,,,,
,"7,16%",,,,,,,,,,,,,,,"25,58%",Perdedoras,,,,
,"6,71%",,,,,,,,,,,,,,,"14,92%",Rdo Final,,,,
,"1,36%",,,,,,,,,,,,,,,,,,,,
,"1,08%",,,,,,,,,,,,,,,,,,,,
,"4,03%",,,,,,,,,,,,,,,,,,,,
,"1,13%",,,,,,,,,,,,,,,,,,,,
,"2,28%",,,,,,,,,,,,,,,,,,,,
,"1,41%",,,,,,,,,,,,,,,,,,,,
,"3,30%",,,,,,,,,,,,,,,,,,,,
,"8,86%",,,,,,,,,,,,,,,,,,,,
,"4,83%",,,,,,,,,,,,,,,,,,,,
,"4,72%",,,,,,,,,,,,,,,,,,,,
,"3,46%",,,,,,,,,,,,,,,,,,,,
,"2,31%",,,,,,,,,,,,,,,,,,,,
,"3,07%",,,,,,,,,,,,,,,,,,,,
,"6,63%",,,,,,,,,,,,,,,,,,,,
,"2,09%",,,,,,,,,,,,,,,,,,,,
,"6,00%",,,,,,,,,,,,,,,,,,,,
,"9,36%",,,,,,,,,,,,,,,,,,,,
,"3,75%",,,,,,,,,,,,,,,,,,,,
,"2,99%",,,,,,,,,,,,,,,,,,,,
,"3,51%",,,,,,,,,,,,,,,,,,,,
,"5,33%",,,,,,,,,,,,,,,,,,,,
,"7,27%",,,,,,,,,,,,,,,,,,,,
,"1,86%",,,,,,,,,,,,,,,,,,,,
,"6,79%",,,,,,,,,,,,,,,,,,,,
,"5,20%",,,,,,,,,,,,,,,,,,,,
,"2,34%",,,,,,,,,,,,,,,,,,,,
,"4,44%",,,,,,,,,,,,,,,,,,,,
,"1,57%",,,,,,,,,,,,,,,,,,,,
,"1,18%",,,,,,,,,,,,,,,,,,,,
,"4,14%",,,,,,,,,,,,,,,,,,,,
,"2,38%",,,,,,,,,,,,,,,,,,,,
,"4,22%",,,,,,,,,,,,,,,,,,,,
,"1,14%",,,,,,,,,,,,,,,,,,,,
,"1,25%",,,,,,,,,,,,,,,,,,,,
,"1,13%",,,,,,,,,,,,,,,,,,,,
,"2,30%",,,,,,,,,,,,,,,,,,,,
,"5,87%",,,,,,,,,,,,,,,,,,,,
,"2,78%",,,,,,,,,,,,,,,,,,,,
,"3,36%",,,,,,,,,,,,,,,,,,,,
,"6,46%",,,,,,,,,,,,,,,,,,,,
,"7,93%",,,,,,,,,,,,,,,,,,,,
,"7,75%",,,,,,,,,,,,,,,,,,,,
,"5,42%",,,,,,,,,,,,,,,,,,,,
,"1,53%",,,,,,,,,,,,,,,,,,,,
,"8,27%",,,,,,,,,,,,,,,,,,,,
,"2,46%",,,,,,,,,,,,,,,,,,,,
,"1,83%",,,,,,,,,,,,,,,,,,,,
,"5,61%",,,,,,,,,,,,,,,,,,,,
,"2,12%",,,,,,,,,,,,,,,,,,,,
,"4,87%",,,,,,,,,,,,,,,,,,,,
,"6,47%",,,,,,,,,,,,,,,,,,,,
,"1,70%",,,,,,,,,,,,,,,,,,,,
,"6,77%",,,,,,,,,,,,,,,,,,,,
,"1,35%",,,,,,,,,,,,,,,,,,,,
,"1,97%",,,,,,,,,,,,,,,,,,,,
,"8,87%",,,,,,,,,,,,,,,,,,,,
,"3,52%",,,,,,,,,,,,,,,,,,,,
,"1,45%",,,,,,,,,,,,,,,,,,,,
,"5,51%",,,,,,,,,,,,,,,,,,,,
,"1,58%",,,,,,,,,,,,,,,,,,,,
,"4,49%",,,,,,,,,,,,,,,,,,,,
,"9,78%",,,,,,,,,,,,,,,,,,,,
,"6,99%",,,,,,,,,,,,,,,,,,,,
,"9,27%",,,,,,,,,,,,,,,,,,,,
,"3,48%",,,,,,,,,,,,,,,,,,,,
,"2,81%",,,,,,,,,,,,,,,,,,,,
,"2,71%",,,,,,,,,,,,,,,,,,,,
,"4,83%",,,,,,,,,,,,,,,,,,,,
,"6,10%",,,,,,,,,,,,,,,,,,,,
,"2,02%",,,,,,,,,,,,,,,,,,,,
,"1,65%",,,,,,,,,,,,,,,,,,,,
,"6,11%",,,,,,,,,,,,,,,,,,,,
,"1,73%",,,,,,,,,,,,,,,,,,,,
,"1,49%",,,,,,,,,,,,,,,,,,,,
,"1,50%",,,,,,,,,,,,,,,,,,,,
,"2,48%",,,,,,,,,,,,,,,,,,,,
,"4,70%",,,,,,,,,,,,,,,,,,,,
,"2,24%",,,,,,,,,,,,,,,,,,,,
,"2,67%",,,,,,,,,,,,,,,,,,,,
,"2,61%",,,,,,,,,,,,,,,,,,,,
,"1,07%",,,,,,,,,,,,,,,,,,,,
,"1,36%",,,,,,,,,,,,,,,,,,,,
,"2,36%",,,,,,,,,,,,,,,,,,,,
,"1,69%",,,,,,,,,,,,,,,,,,,,