,,,"1,00%",,"9,67%","7,46%",,"-4,35%",0,,,,,,,,,,,,,
,Date,Open,Open +1%,Cond. Precio,High,% Mov.,Low,% Mov.,Diferencia entre low y stop lost,Close,% Cierre,Gap,Operable,Volume,Cond. Vol,Com. Prom,Com. High,Com. Low,Rdo del dia c/ SL Prom,Rdo del dia c/ TP Prom,Resultados,Resultado
,08/12/2021,"24,45","24,69",No,"25,76","4,31%","23,59","-4,47%",,"24,89","0,79%","9,40%",No,189542200,Si,"196,34%",68%,1%,"0,00",0,"-4,35%",0
,08/11/2021,"23,07","23,30",No,"23,19","-0,48%","22,09","-5,20%",,"22,35","-4,08%","0,65%",No,34678970,Si,"-45,78%",-118%,-15%,"0,00",0,"-4,35%",0
,08/10/2021,"23,01","23,24",No,"23,52","1,20%","22,78","-1,98%",,"22,92","-1,38%","0,35%",Si,25947920,Si,"-59,43%",-53%,56%,"1,00",0,"-1,38%",0
,08/09/2021,"21,85","22,07",No,"23,28","5,49%","21,8","-1,22%",,"22,93","3,90%","0,14%",Si,35611060,Si,"-44,32%",113%,73%,"1,00",0,"3,90%",1
,08/06/2021,"22,64","22,87",No,"22,69","-0,77%","21,79","-4,71%",,"21,82","-4,58%","0,53%",No,24200670,Si,"-62,16%",-130%,-4%,"0,00",0,"-4,35%",0
,08/05/2021,"22,22","22,44",No,"22,77","1,46%","22,02","-1,88%",,"22,52","0,35%","-0,36%",Si,18575250,Si,"-70,96%",-43%,58%,"1,00",0,"0,35%",1
,08/04/2021,"22,2","22,42",No,"22,54","0,53%","22,07","-1,57%",,"22,3","-0,54%","-0,18%",No,15537430,Si,"-75,71%",-80%,65%,"1,00",0,"-0,54%",0
,08/03/2021,"22,03","22,25",No,"22,27","0,09%","21,71","-2,43%",,"22,24","-0,05%","-0,32%",No,17040070,Si,"-73,36%",-97%,46%,"1,00",0,"-0,05%",0
,08/02/2021,"21,91","22,13",No,"22,37","1,09%","21,48","-2,93%",0,"22,1","-0,13%","0,92%",Si,21372880,Si,"-66,58%",-58%,35%,"1,00",0,"-0,13%",0
,07/30/2021,"21,85","22,07",No,"22,41","1,55%","21,71","-1,62%",0,"21,71","-1,62%","-1,49%",Si,15889150,Si,"-75,16%",-40%,64%,"1,00",0,"-1,62%",0
,07/29/2021,"22,78","23,01",No,"22,85","-0,69%","22,14","-3,77%",,"22,18","-3,60%","0,98%",No,19219080,Si,"-69,95%",-127%,16%,"1,00",0,"-3,60%",0
,07/28/2021,"21,75","21,97",No,"22,62","2,97%","21,69","-1,26%",,"22,56","2,70%","0,32%",Si,25073560,Si,"-60,80%",15%,72%,"1,00",0,"2,70%",1
,07/27/2021,"21,96","22,18",No,"22,11","-0,31%","21,09","-4,91%",,"21,68","-2,25%","-0,77%",No,23078730,Si,"-63,92%",-112%,-9%,"0,00",0,"-4,35%",0
,07/26/2021,"21,8","22,02",No,"22,3","1,28%","21,48","-2,44%",,"22,13","0,51%","-0,05%",Si,16267890,Si,"-74,57%",-50%,46%,"1,00",0,"0,51%",1
,07/23/2021,"22,01","22,23",No,"22,08","-0,68%","21,51","-3,24%",,"21,81","-1,89%","-0,27%",No,17653320,Si,"-72,40%",-126%,28%,"1,00",0,"-1,89%",0
,07/22/2021,"22,55","22,78",No,"22,67","-0,46%","21,88","-3,93%",,"22,07","-3,10%","0,13%",No,17468880,Si,"-72,69%",-118%,13%,"1,00",0,"-3,10%",0
,07/21/2021,"22,27","22,49",No,"22,68","0,83%","22,12","-1,66%",0,"22,52","0,12%","0,41%",No,20437270,Si,"-68,05%",-68%,63%,"1,00",0,"0,12%",1
,07/20/2021,"21,63","21,85",No,"22,35","2,31%","21,22","-2,87%",0,"22,18","1,53%","0,42%",Si,22954030,Si,"-64,11%",-10%,36%,"1,00",0,"1,53%",1
,07/19/2021,"20,97","21,18",No,"21,69","2,41%","20,55","-2,97%",0,"21,54","1,70%","-1,87%",Si,30314390,Si,"-52,60%",-6%,34%,"1,00",0,"1,70%",1
,07/16/2021,"21,6","21,82",No,"21,71","-0,49%","21,24","-2,64%",,"21,37","-2,04%","0,61%",No,19503110,Si,"-69,51%",-119%,41%,"1,00",0,"-2,04%",0
,07/15/2021,"21,72","21,94",No,"22,06","0,56%","21,01","-4,23%",,"21,47","-2,13%","0,74%",No,31870960,Si,"-50,17%",-78%,6%,"1,00",0,"-2,13%",0
,07/14/2021,"22,49","22,71",No,"22,62","-0,42%","21,51","-5,30%",,"21,56","-5,08%","0,18%",No,33796190,Si,"-47,16%",-116%,-18%,"0,00",0,"-4,35%",0
,07/13/2021,"22,98","23,21",No,"22,99","-0,95%","22,42","-3,40%",,"22,45","-3,27%","0,13%",No,24748840,Si,"-61,31%",-137%,25%,"1,00",0,"-3,27%",0
,07/12/2021,"23,26","23,49",No,"23,5","0,03%","22,88","-2,61%",,"22,95","-2,31%","-0,13%",No,23457170,Si,"-63,33%",-99%,42%,"1,00",0,"-2,31%",0
,07/09/2021,"22,96","23,19",No,"23,39","0,86%","22,76","-1,85%",,"23,29","0,43%","-0,52%",No,22492370,Si,"-64,83%",-66%,59%,"1,00",0,"0,43%",1
,07/08/2021,"22,43","22,65",No,"23,21","2,45%","22,25","-1,78%",0,"23,08","1,88%","-2,01%",Si,34612560,Si,"-45,88%",-5%,60%,"1,00",0,"1,88%",1
,07/07/2021,"24,23","24,47",No,"24,26","-0,87%","22,72","-7,16%",,"22,89","-6,47%","-1,82%",No,66937310,Si,"4,65%",-134%,-59%,"0,00",0,"-4,35%",0
,07/06/2021,"24,6","24,85",No,"25,2","1,42%","24,47","-1,51%",,"24,68","-0,67%","0,65%",Si,28764530,Si,"-55,03%",-45%,66%,"1,00",0,"-0,67%",0
,07/02/2021,25,"25,25",No,"25,34","0,36%","24,33","-3,64%",,"24,44","-3,21%","1,13%",No,29529100,Si,"-53,83%",-86%,19%,"1,00",0,"-3,21%",0
,07/01/2021,"26,1","26,36",Si,"26,13","-0,88%","24,59","-6,72%",,"24,72","-6,23%","-0,99%",No,55571520,Si,"-13,12%",-134%,-49%,"0,00",0,"-4,35%",0
,06/30/2021,"26,48","26,74",Si,"26,92","0,66%","26,21","-2,00%",,"26,36","-1,44%","-0,56%",No,28957140,Si,"-54,73%",-75%,56%,"1,00",0,"-1,44%",0
,06/29/2021,"27,38","27,65",Si,"27,44","-0,77%","26,44","-4,39%",,"26,63","-3,70%","0,00%",No,38478920,Si,"-39,84%",-130%,3%,"0,00",0,"-4,35%",0
,06/28/2021,"26,98","27,25",Si,"27,5","0,92%","26,86","-1,43%",,"27,38","0,48%","0,75%",No,42184610,Si,"-34,05%",-64%,68%,"1,00",0,"0,48%",1
,06/25/2021,"26,58","26,85",Si,"27,01","0,61%","26,25","-2,22%",,"26,78","-0,25%","0,19%",No,140832700,Si,"120,19%",-76%,51%,"1,00",0,"-0,25%",0
,06/24/2021,"26,49","26,75",Si,"26,71","-0,17%","26,17","-2,19%",,"26,53","-0,84%","0,84%",No,48419360,Si,"-24,30%",-107%,52%,"1,00",0,"-0,84%",0
,06/23/2021,"25,46","25,71",Si,"26,35","2,47%","25,34","-1,46%",,"26,27","2,16%","0,24%",Si,53362160,Si,"-16,57%",-4%,68%,"1,00",0,"2,16%",1
,06/22/2021,"25,39","25,64",Si,"25,52","-0,48%","24,96","-2,67%",,"25,4","-0,95%","-0,12%",No,46171050,Si,"-27,81%",-119%,41%,"1,00",0,"-0,95%",0
,06/21/2021,"25,1","25,35",Si,"25,55","0,78%","24,51","-3,32%",,"25,42","0,27%","-1,06%",No,54805000,Si,"-14,31%",-70%,26%,"1,00",0,"0,27%",1
,06/18/2021,"25,59","25,85",Si,"25,94","0,36%","25,02","-3,20%",,"25,37","-1,84%","0,55%",No,65852610,Si,"2,96%",-86%,29%,"1,00",0,"-1,84%",0
,06/17/2021,"24,68","24,93",No,"25,46","2,14%","24,55","-1,51%",,"25,45","2,10%","-0,48%",Si,64408370,Si,"0,70%",-17%,67%,"1,00",0,"2,10%",1
,06/16/2021,"24,09","24,33",No,"24,94","2,50%","23,86","-1,94%",,"24,8","1,93%","-1,31%",Si,58452610,Si,"-8,61%",-3%,57%,"1,00",0,"1,93%",1
,06/15/2021,"25,03","25,28",Si,"25,55","1,07%","24,39","-3,52%",,"24,41","-3,44%","0,12%",Si,46693200,Si,"-27,00%",-59%,22%,"1,00",0,"-3,44%",0
,06/14/2021,"24,73","24,98",No,"25,15","0,69%","24,47","-2,03%",0,25,"0,09%","0,24%",No,51801480,Si,"-19,01%",-73%,55%,"1,00",0,"0,09%",1
,06/11/2021,"24,12","24,36",No,"24,71","1,43%","24,03","-1,36%",,"24,67","1,27%","-0,08%",Si,33113060,Si,"-48,23%",-44%,70%,"1,00",0,"1,27%",1
,06/10/2021,24,"24,24",No,"24,39","0,62%","23,44","-3,30%",,"24,14","-0,41%","-0,70%",No,35482900,Si,"-44,52%",-76%,27%,"1,00",0,"-0,41%",0
,06/09/2021,"24,45","24,69",No,"24,74","0,18%","24,17","-2,12%",,"24,17","-2,12%","0,29%",No,36006240,Si,"-43,71%",-93%,53%,"1,00",0,"-2,12%",0
,06/08/2021,"24,85","25,10",No,"25,23","0,52%","23,93","-4,66%",,"24,38","-2,86%","1,59%",No,53488560,Si,"-16,37%",-80%,-3%,"0,00",0,"-4,35%",0
,06/07/2021,24,"24,24",No,"24,76","2,15%","23,79","-1,86%",,"24,46","0,91%","-0,12%",Si,49641040,Si,"-22,39%",-17%,59%,"1,00",0,"0,91%",1
,06/04/2021,"23,71","23,95",No,"24,49","2,27%","23,5","-1,87%",0,"24,03","0,35%","0,34%",Si,42537600,Si,"-33,49%",-12%,59%,"1,00",0,"0,35%",1
,06/03/2021,"24,14","24,38",No,"24,26","-0,50%","23,34","-4,27%",,"23,63","-3,08%","-1,27%",No,48164190,Si,"-24,70%",-119%,5%,"1,00",0,"-3,08%",0
,06/02/2021,"23,02","23,25",No,"24,84","6,84%","22,82","-1,85%",,"24,45","5,16%","-0,17%",Si,86473160,Si,"35,20%",166%,59%,"1,00",0,"5,16%",1
,06/01/2021,"23,19","23,42",No,"23,35","-0,31%","22,36","-4,53%",0,"23,06","-1,55%","1,05%",No,52695510,Si,"-17,61%",-112%,0%,"0,00",0,"-4,35%",0
,05/28/2021,23,"23,23",No,"24,75","6,54%","22,76","-2,02%",,"22,95","-1,21%","1,32%",No,111846000,Si,"74,87%",154%,55%,"1,00",0,"-1,21%",0
,05/27/2021,"22,01","22,23",No,"22,7","2,11%","21,65","-2,61%",,"22,7","2,11%","-0,50%",Si,76230460,Si,"19,18%",-18%,42%,"1,00",0,"2,11%",1
,05/26/2021,"21,58","21,80",No,"22,24","2,04%","21,49","-1,40%",,"22,12","1,49%","0,47%",Si,42958300,Si,"-32,84%",-21%,69%,"1,00",0,"1,49%",1
,05/25/2021,"21,42","21,63",No,"22,11","2,20%","21,28","-1,64%",,"21,48","-0,71%","0,94%",Si,49890800,Si,"-22,00%",-15%,64%,"1,00",0,"-0,71%",0
,05/24/2021,"21,06","21,27",No,"21,52","1,17%","20,68","-2,78%",,"21,22","-0,24%","1,49%",No,46596780,Si,"-27,15%",-54%,38%,"1,00",0,"-0,24%",0
,05/21/2021,"20,84","21,05",No,"21,16","0,53%","20,47","-2,75%",,"20,75","-1,42%","1,12%",No,35372920,Si,"-44,70%",-79%,39%,"1,00",0,"-1,42%",0
,05/20/2021,"20,75","20,96",No,"20,81","-0,70%","20,28","-3,23%",,"20,61","-1,66%","0,39%",No,46302390,Si,"-27,61%",-127%,28%,"1,00",0,"-1,66%",0
,05/19/2021,"20,1","20,30",No,"21,04","3,64%","19,94","-1,78%",0,"20,67","1,82%","-5,37%",Si,45314040,Si,"-29,15%",41%,61%,"1,00",0,"1,82%",1
,05/18/2021,"20,52","20,73",No,"21,62","4,32%","20,26","-2,24%",,"21,24","2,48%","0,29%",Si,59672370,Si,"-6,71%",68%,50%,"1,00",0,"2,48%",1
,05/17/2021,"19,73","19,93",No,"20,49","2,82%","19,63","-1,49%",,"20,46","2,67%","-1,74%",Si,49855360,Si,"-22,05%",10%,67%,"1,00",0,"2,67%",1
,05/14/2021,"18,82","19,01",No,"20,2","6,27%","18,53","-2,52%",,"20,08","5,64%","2,45%",No,79409510,Si,"24,15%",144%,44%,"1,00",0,"5,64%",1
,05/13/2021,"19,14","19,33",No,"19,47","0,72%","17,82","-7,82%",,"18,37","-4,97%","1,32%",No,87811610,Si,"37,29%",-72%,-73%,"0,00",0,"-4,35%",0
,05/12/2021,20,"20,20",No,20,"-0,99%","18,51","-8,37%",,"18,89","-6,49%","-1,04%",No,128281500,Si,"100,56%",-138%,-85%,"0,00",0,"-4,35%",0
,05/11/2021,"17,2","17,37",No,"20,3","16,85%","17,06","-1,80%",0,"20,21","16,34%","-6,88%",Si,203230500,Si,"217,74%",555%,60%,"1,00",1,"7,46%",1
,05/10/2021,"19,28","19,47",No,"19,3","-0,89%","18,18","-6,64%",,"18,47","-5,15%","-2,38%",No,104670500,Si,"63,65%",-134%,-47%,"0,00",0,"-4,35%",0
,05/07/2021,"20,3","20,50",No,"20,75","1,20%","19,58","-4,50%",,"19,75","-3,67%","1,05%",No,63725500,Si,"-0,37%",-53%,0%,"0,00",0,"-4,35%",0
,05/06/2021,"21,02","21,23",No,"21,02","-0,99%","19,41","-8,57%",,"20,09","-5,37%","-0,61%",No,92201100,Si,"44,15%",-138%,-90%,"0,00",0,"-4,35%",0
,05/05/2021,"21,81","22,03",No,"21,94","-0,40%","20,97","-4,80%",,"21,15","-3,99%","0,79%",No,24303630,Si,"-62,00%",-116%,-6%,"0,00",0,"-4,35%",0
,05/04/2021,"21,94","22,16",No,"22,2","0,18%","20,87","-5,82%",,"21,64","-2,34%","-1,61%",No,63429550,Si,"-0,83%",-93%,-29%,"0,00",0,"-4,35%",0
,05/03/2021,"23,01","23,24",No,"23,08","-0,69%","22,21","-4,43%",,"22,3","-4,05%","-0,13%",No,33934420,Si,"-46,95%",-127%,2%,"0,00",0,"-4,35%",0
,04/30/2021,"23,18","23,41",No,"23,55","0,59%","22,84","-2,44%",,"23,04","-1,59%","-0,81%",No,24717300,Si,"-61,36%",-77%,46%,"1,00",0,"-1,59%",0
,04/29/2021,"23,87","24,11",No,"24,14","0,13%","22,81","-5,39%",,"23,37","-3,06%","0,08%",No,36770150,Si,"-42,51%",-95%,-19%,"0,00",0,"-4,35%",0
,04/28/2021,"23,67","23,91",No,"24,17","1,10%","23,42","-2,04%",,"23,85","-0,24%","-0,88%",Si,22068110,Si,"-65,50%",-57%,55%,"1,00",0,"-0,24%",0
,04/27/2021,"24,17","24,41",No,"24,26","-0,62%","23,57","-3,45%",,"23,88","-2,18%","0,25%",No,27678340,Si,"-56,73%",-124%,24%,"1,00",0,"-2,18%",0
,04/26/2021,"23,69","23,93",No,"24,26","1,39%","23,46","-1,95%",0,"24,11","0,77%","1,20%",No,33667580,Si,"-47,36%",-46%,57%,"1,00",0,"0,77%",1
,04/23/2021,"22,89","23,12",No,"23,55","1,86%","22,74","-1,64%",,"23,41","1,26%","0,13%",Si,32169530,Si,"-49,70%",-28%,64%,"1,00",0,"1,26%",1
,04/22/2021,"22,94","23,17",No,"23,51","1,47%","22,51","-2,85%",,"22,86","-1,34%","1,37%",No,51346370,Si,"-19,72%",-43%,37%,"1,00",0,"-1,34%",0
,04/21/2021,"21,65","21,87",No,"22,64","3,54%","21,43","-2,00%",,"22,63","3,49%","-0,60%",Si,42641400,Si,"-33,33%",37%,56%,"1,00",0,"3,49%",1
,04/20/2021,"21,96","22,18",No,"22,55","1,67%","21,24","-4,24%",,"21,78","-1,80%","0,09%",Si,47123090,Si,"-26,33%",-35%,6%,"1,00",0,"-1,80%",0
,04/19/2021,"22,15","22,37",No,"22,33","-0,19%","21,53","-3,76%",,"21,94","-1,93%","-1,42%",No,45753870,Si,"-28,47%",-107%,17%,"1,00",0,"-1,93%",0
,04/16/2021,"22,86","23,09",No,"23,26","0,74%","22,3","-3,42%",,"22,47","-2,68%","-1,25%",No,46627690,Si,"-27,10%",-71%,24%,"1,00",0,"-2,68%",0
,04/15/2021,"24,01","24,25",No,"24,06","-0,78%","22,69","-6,43%",,"23,15","-4,54%","1,31%",No,58849350,Si,"-7,99%",-130%,-43%,"0,00",0,"-4,35%",0
,04/14/2021,"25,35","25,60",Si,"26,2","2,33%","23,65","-7,63%",,"23,7","-7,43%","-0,28%",Si,108793800,Si,"70,09%",-9%,-69%,"0,00",0,"-4,35%",0
,04/13/2021,"23,19","23,42",No,"25,66","9,56%","23,12","-1,29%",,"25,42","8,53%","-0,64%",Si,83913490,Si,"31,19%",271%,71%,"1,00",1,"7,46%",1
,04/12/2021,"24,52","24,77",No,"24,55","-0,87%","22,73","-8,22%",,"23,34","-5,75%","2,00%",No,68620840,Si,"7,29%",-134%,-82%,"0,00",0,"-4,35%",0
,04/09/2021,"23,46","23,69",No,"24,35","2,77%","23,37","-1,37%",,"24,04","1,46%","0,21%",Si,54082680,Si,"-15,44%",7%,70%,"1,00",0,"1,46%",1
,04/08/2021,"23,2","23,43",No,"23,6","0,72%","22,74","-2,95%",,"23,41","-0,09%","1,31%",No,35905540,Si,"-43,86%",-72%,35%,"1,00",0,"-0,09%",0
,04/07/2021,23,"23,23",No,"23,55","1,38%","22,81","-1,81%",,"22,9","-1,42%","-1,16%",Si,32766190,Si,"-48,77%",-46%,60%,"1,00",0,"-1,42%",0
,04/06/2021,"23,55","23,79",No,"23,61","-0,74%","22,83","-4,02%",,"23,27","-2,17%","0,47%",No,41933450,Si,"-34,44%",-129%,11%,"1,00",0,"-2,17%",0
,04/05/2021,"23,78","24,02",No,"24,45","1,80%","23,34","-2,82%",,"23,44","-2,41%","3,08%",No,65374260,Si,"2,21%",-30%,37%,"1,00",0,"-2,41%",0
,04/01/2021,"23,95","24,19",No,"23,95","-0,99%","22,73","-6,03%",,"23,07","-4,63%","2,83%",No,51788760,Si,"-19,03%",-138%,-34%,"0,00",0,"-4,35%",0
,03/31/2021,"22,5","22,73",No,"23,85","4,95%","22,38","-1,52%",,"23,29","2,49%","2,09%",No,61458500,Si,"-3,91%",92%,66%,"1,00",0,"2,49%",1
,03/30/2021,"21,36","21,57",No,"22,09","2,39%","20,86","-3,31%",0,"22,04","2,16%","-1,70%",Si,52039740,Si,"-18,64%",-7%,27%,"1,00",0,"2,16%",1
,03/29/2021,"22,48","22,70",No,"22,5","-0,90%","21,39","-5,79%",,"21,73","-4,29%","-0,44%",No,57647370,Si,"-9,87%",-135%,-28%,"0,00",0,"-4,35%",0
,03/26/2021,"22,63","22,86",No,"23,05","0,85%","21,76","-4,80%",0,"22,58","-1,21%","0,22%",No,57916430,Si,"-9,45%",-67%,-6%,"0,00",0,"-4,35%",0
,03/25/2021,"21,2","21,41",No,"22,8","6,48%","21,05","-1,69%",,"22,58","5,45%","-3,11%",Si,74592580,Si,"16,62%",152%,63%,"1,00",0,"5,45%",1
,03/24/2021,"23,3","23,53",No,"23,49","-0,18%","21,75","-7,58%",,"21,88","-7,02%","0,17%",No,69271890,Si,"8,30%",-107%,-68%,"0,00",0,"-4,35%",0
,03/23/2021,24,"24,24",No,"24,11","-0,54%","23,1","-4,70%",,"23,26","-4,04%","-0,91%",No,50169700,Si,"-21,56%",-121%,-4%,"0,00",0,"-4,35%",0
,03/22/2021,"24,89","25,14",No,"24,92","-0,87%","23,86","-5,09%",,"24,22","-3,66%","2,34%",No,46208150,Si,"-27,76%",-134%,-13%,"0,00",0,"-4,35%",0
,03/19/2021,"24,01","24,25",No,"24,57","1,32%","23,39","-3,55%",0,"24,32","0,29%","0,13%",Si,57915870,Si,"-9,45%",-49%,21%,"1,00",0,"0,29%",1
,03/18/2021,"24,73","24,98",No,"25,18","0,81%","23,78","-4,79%",,"23,98","-3,99%","-1,90%",No,57523320,Si,"-10,07%",-68%,-6%,"0,00",0,"-4,35%",0
,03/17/2021,"24,52","24,77",No,"25,73","3,90%","24,3","-1,88%",0,"25,21","1,80%","-4,26%",Si,77081740,Si,"20,51%",51%,58%,"1,00",0,"1,80%",1
,03/16/2021,"26,75","27,02",Si,"27,1","0,31%","25,23","-6,62%",,"25,61","-5,21%","-0,15%",No,73615140,Si,"15,09%",-88%,-47%,"0,00",0,"-4,35%",0
,03/15/2021,"27,35","27,62",Si,"27,47","-0,56%","26,31","-4,76%",,"26,79","-3,02%","1,60%",No,56548960,Si,"-11,59%",-122%,-5%,"0,00",0,"-4,35%",0
,03/12/2021,"25,74","26,00",Si,"26,92","3,55%","25,18","-3,14%",,"26,92","3,55%","-3,70%",Si,58721860,Si,"-8,19%",38%,30%,"1,00",0,"3,55%",1
,03/11/2021,"25,95","26,21",Si,"26,84","2,41%","25,58","-2,40%",,"26,73","1,99%","4,85%",No,84788710,Si,"32,56%",-7%,47%,"1,00",0,"1,99%",1
,03/10/2021,"25,03","25,28",Si,"26,24","3,80%","24,27","-4,00%",,"24,75","-2,10%","3,17%",No,103212800,Si,"61,37%",47%,11%,"1,00",0,"-2,10%",0
,03/09/2021,"23,38","23,61",No,"24,74","4,77%","23,1","-2,18%",,"24,26","2,74%","3,82%",No,99586460,Si,"55,70%",85%,52%,"1,00",0,"2,74%",1
,03/08/2021,"23,77","24,01",No,"24,58","2,38%","22,4","-6,70%",,"22,52","-6,20%","-0,75%",Si,94432810,Si,"47,64%",-7%,-48%,"0,00",0,"-4,35%",0
,03/05/2021,"24,36","24,60",No,"24,68","0,31%","20,18","-17,98%",,"23,95","-2,66%","-1,50%",No,173468600,Si,"171,21%",-88%,-298%,"0,00",0,"-4,35%",0
,03/04/2021,"24,85","25,10",No,"25,56","1,84%","23,05","-8,16%",,"24,73","-1,47%","5,34%",No,161611200,Si,"152,67%",-29%,-81%,"0,00",0,"-4,35%",0
,03/03/2021,"24,99","25,24",No,"25,17","-0,28%","23,43","-7,17%",,"23,59","-6,54%","2,08%",No,79046240,Si,"23,59%",-111%,-59%,"0,00",0,"-4,35%",0
,03/02/2021,25,"25,25",No,"25,59","1,35%","24,26","-3,92%",,"24,48","-3,05%","0,77%",Si,73996950,Si,"15,69%",-48%,13%,"1,00",0,"-3,05%",0
,03/01/2021,"25,19","25,44",Si,"25,9","1,80%","24,62","-3,23%",,"24,81","-2,48%","5,40%",No,85059880,Si,"32,99%",-30%,28%,"1,00",0,"-2,48%",0
,02/26/2021,"24,2","24,44",No,"24,5","0,24%","22,7","-7,13%",,"23,9","-2,22%","1,00%",No,119588600,Si,"86,97%",-91%,-58%,"0,00",0,"-4,35%",0
,02/25/2021,"25,82","26,08",Si,"26,44","1,39%","23,15","-11,23%",,"23,96","-8,12%","-2,16%",Si,161776400,Si,"152,93%",-46%,-149%,"0,00",0,"-4,35%",0
,02/24/2021,"26,71","26,98",Si,"27,23","0,94%","25,75","-4,55%",0,"26,39","-2,18%","-0,15%",No,90095690,Si,"40,86%",-64%,-1%,"0,00",0,"-4,35%",0
,02/23/2021,"25,96","26,22",Si,"27,46","4,73%","23,9","-8,85%","-3,49%","26,75","2,02%","-7,29%",Si,145289400,Si,"127,15%",84%,-96%,"0,00",0,"-4,35%",0
,02/22/2021,"29,96","30,26",Si,"30,19","-0,23%","27,54","-8,99%",,28,"-7,47%","3,31%",No,183049500,Si,"186,19%",-109%,-99%,"0,00",0,"-4,35%",0
,02/19/2021,"27,02","27,29",Si,"29,96","9,78%","26,9","-1,43%",,29,"6,27%","7,35%",No,320063700,Si,"400,40%",280%,68%,"1,00",1,"7,46%",1
,02/18/2021,"24,99","25,24",No,"26,31","4,24%","24,5","-2,93%",,"25,17","-0,28%","-7,72%",Si,313175100,Si,"389,63%",65%,35%,"1,00",0,"-0,28%",0
,02/17/2021,"27,99","28,27",Si,"29,73","5,16%",27,"-4,49%",,"27,08","-4,21%","0,54%",Si,151007000,Si,"136,09%",101%,0%,"0,00",0,"-4,35%",0
,02/16/2021,"30,02","30,32",Si,"30,44","0,40%","27,3","-9,96%",,"27,84","-8,18%","-5,92%",No,180294300,Si,"181,88%",-85%,-121%,"0,00",0,"-4,35%",0
,02/12/2021,"33,36","33,69",Si,"33,65","-0,13%","31,34","-6,99%","-1,63%","31,91","-5,29%","0,76%",No,60925590,Si,"-4,75%",-105%,-55%,"0,00",0,"-4,35%",0
,02/11/2021,"35,79","36,15",Si,"35,98","-0,46%","32,61","-9,79%",,"33,11","-8,40%","0,25%",No,52094880,Si,"-18,55%",-118%,-117%,"0,00",0,"-4,35%",0
,02/10/2021,"38,15","38,53",Si,"38,24","-0,76%",35,"-9,17%",,"35,7","-7,35%","-0,05%",No,45177250,Si,"-29,37%",-129%,-103%,"0,00",0,"-4,35%",0
,02/09/2021,"36,9","37,27",Si,"38,26","2,66%","36,13","-3,06%",,"38,17","2,42%","2,36%",No,44243210,Si,"-30,83%",3%,32%,"1,00",0,"2,42%",1
,02/08/2021,"37,22","37,59",Si,"39,22","4,33%","35,89","-4,53%",,"36,05","-4,10%","9,31%",No,72610620,Si,"13,52%",68%,0%,"0,00",0,"-4,35%",0
,02/05/2021,"32,61","32,94",Si,"35,2","6,87%","31,75","-3,60%",,"34,05","3,38%","1,75%",No,62375280,Si,"-2,48%",167%,20%,"1,00",0,"3,38%",1
,02/04/2021,"32,58","32,91",Si,"33,18","0,83%","31,05","-5,64%","-0,29%","32,05","-2,60%","2,58%",No,31657210,Si,"-50,51%",-68%,-25%,"0,00",0,"-4,35%",0
,02/03/2021,"32,39","32,71",Si,"32,95","0,72%","31,38","-4,08%",,"31,76","-2,92%","4,42%",No,35312000,Si,"-44,79%",-72%,10%,"1,00",0,"-2,92%",0
,02/02/2021,"34,1","34,44",Si,"34,2","-0,70%","30,5","-11,44%",,"31,02","-9,93%","0,41%",No,69647950,Si,"8,89%",-127%,-154%,"0,00",0,"-4,35%",0
,02/01/2021,"35,33","35,68",Si,"35,62","-0,18%","32,58","-8,70%",,"33,96","-4,83%","0,43%",No,43460900,Si,"-32,05%",-107%,-93%,"0,00",0,"-4,35%",0
,01/29/2021,"36,61","36,98",Si,"38,01","2,80%","34,66","-6,26%",,"35,18","-4,86%","2,66%",No,42030920,Si,"-34,29%",9%,-39%,"0,00",0,"-4,35%",0
,01/28/2021,"39,54","39,94",Si,42,"5,17%","33,1","-17,12%",,"35,66","-10,71%","1,38%",No,85250680,Si,"33,29%",101%,-279%,"0,00",0,"-4,35%",0
,01/27/2021,"32,97","33,30",Si,45,"35,14%","32,25","-3,15%",,39,"17,12%","-6,79%",Si,170758800,Si,"166,97%",1265%,30%,"1,00",1,"7,46%",1
,01/26/2021,"35,14","35,49",Si,"36,87","3,88%","34,32","-3,30%",,"35,37","-0,34%","-3,01%",Si,65869980,Si,"2,98%",51%,27%,"1,00",0,"-0,34%",0
,01/25/2021,"34,46","34,80",Si,"39,58","13,72%","29,56","-15,07%",,"36,23","4,10%","5,77%",No,191345300,Si,"199,16%",433%,-234%,"0,00",1,"-4,35%",0
,01/22/2021,"25,85","26,11",Si,"32,65","25,06%","25,82","-1,11%",,"32,58","24,79%","-0,50%",Si,156844700,Si,"145,22%",873%,76%,"1,00",1,"7,46%",1
,01/21/2021,"26,42","26,68",Si,"26,68","-0,02%","25,3","-5,19%",,"25,98","-2,64%","0,30%",No,29891350,Si,"-53,27%",-101%,-15%,"0,00",0,"-4,35%",0
,01/20/2021,"27,29","27,56",Si,"27,3","-0,95%","25,7","-6,76%",,"26,34","-4,44%","2,52%",No,37459020,Si,"-41,43%",-137%,-50%,"0,00",0,"-4,35%",0
,01/19/2021,"26,81","27,08",Si,"27,54","1,71%",26,"-3,98%",,"26,62","-1,69%","4,56%",No,48675850,Si,"-23,90%",-34%,12%,"1,00",0,"-1,69%",0
,01/15/2021,"26,26","26,52",Si,28,"5,57%","25,46","-4,01%",,"25,64","-3,33%","5,38%",No,92285510,Si,"44,28%",116%,11%,"1,00",0,"-3,33%",0
,01/14/2021,"25,45","25,70",Si,"25,62","-0,33%","24,37","-5,19%",,"24,92","-3,05%","-0,20%",No,32908000,Si,"-48,55%",-113%,-15%,"0,00",0,"-4,35%",0
,01/13/2021,"25,71","25,97",Si,"27,43","5,63%","25,13","-3,22%",,"25,5","-1,80%","-1,80%",Si,51216560,Si,"-19,93%",119%,29%,"1,00",0,"-1,80%",0
,01/12/2021,"26,34","26,60",Si,"26,42","-0,69%","25,51","-4,11%",0,"26,18","-1,59%","1,58%",No,26994960,Si,"-57,79%",-127%,9%,"1,00",0,"-1,59%",0
,01/11/2021,"24,61","24,86",No,"26,6","7,02%","24,31","-2,20%",0,"25,93","4,32%","-2,34%",Si,32608980,Si,"-49,02%",173%,51%,"1,00",0,"4,32%",1
,01/08/2021,"25,7","25,96",Si,"26,44","1,86%","24,7","-4,84%",,"25,2","-2,92%","2,80%",No,41313820,Si,"-35,41%",-28%,-7%,"0,00",0,"-4,35%",0
,01/07/2021,"24,02","24,26",No,"25,19","3,83%","23,67","-2,43%",,25,"3,05%","2,04%",No,32240050,Si,"-49,59%",49%,46%,"1,00",0,"3,05%",1
,01/06/2021,"24,12","24,36",No,"24,46","0,41%","23,25","-4,56%",0,"23,54","-3,37%","-1,95%",No,32732890,Si,"-48,82%",-84%,-1%,"0,00",0,"-4,35%",0
,01/05/2021,"23,18","23,41",No,"24,67","5,37%","22,89","-2,23%",0,"24,6","5,08%","-0,81%",Si,29050440,Si,"-54,58%",109%,51%,"1,00",0,"5,08%",1
,01/04/2021,"23,91","24,15",No,"24,5","1,45%","22,5","-6,83%",,"23,37","-3,23%","1,53%",No,44970360,Si,"-29,69%",-44%,-51%,"0,00",0,"-4,35%",0
,12/31/2020,"24,63","24,88",No,"24,72","-0,63%","23,52","-5,45%",,"23,55","-5,33%","-1,87%",No,39922550,Si,"-37,58%",-124%,-21%,"0,00",0,"-4,35%",0
,12/30/2020,"24,97","25,22",No,"25,91","2,74%","24,63","-2,34%",,"25,1","-0,47%","1,26%",No,34586670,Si,"-45,93%",6%,48%,"1,00",0,"-0,47%",0
,12/29/2020,"25,75","26,01",Si,"26,18","0,66%","24,34","-6,41%",,"24,66","-5,18%","0,47%",No,47302420,Si,"-26,04%",-74%,-42%,"0,00",0,"-4,35%",0
,12/28/2020,"28,39","28,67",Si,"28,59","-0,29%","25,4","-11,42%",,"25,63","-10,62%","2,31%",No,55878710,Si,"-12,64%",-111%,-153%,"0,00",0,"-4,35%",0
,12/24/2020,"28,8","29,09",Si,"29,16","0,25%","27,52","-5,39%",,"27,75","-4,60%","0,38%",No,26306800,Si,"-58,87%",-90%,-19%,"0,00",0,"-4,35%",0
,12/23/2020,"28,95","29,24",Si,"29,39","0,51%","28,05","-4,07%",,"28,69","-1,88%","3,25%",No,58772230,Si,"-8,11%",-80%,10%,"1,00",0,"-1,88%",0
,12/22/2020,"29,03","29,32",Si,"29,42","0,34%","26,82","-8,53%",,"28,04","-4,37%","1,82%",No,66196470,Si,"3,50%",-87%,-89%,"0,00",0,"-4,35%",0
,12/21/2020,"26,19","26,45",Si,"28,7","8,50%","25,4","-3,98%",0,"28,51","7,78%","0,85%",Si,76729130,Si,"19,96%",230%,12%,"1,00",1,"7,46%",1
,12/18/2020,"26,27","26,53",Si,"26,85","1,20%","25,8","-2,76%",,"25,97","-2,12%","-3,53%",Si,71042930,Si,"11,07%",-54%,39%,"1,00",0,"-2,12%",0
,12/17/2020,"26,52","26,79",Si,"27,45","2,48%","26,05","-2,74%",,"27,23","1,66%","2,31%",No,53829800,Si,"-15,84%",-4%,39%,"1,00",0,"1,66%",1
,12/16/2020,"25,71","25,97",Si,"26,16","0,74%","25,11","-3,30%",,"25,92","-0,18%","-2,72%",No,44013390,Si,"-31,19%",-71%,27%,"1,00",0,"-0,18%",0
,12/15/2020,"26,82","27,09",Si,"27,1","0,04%","25,52","-5,79%",,"26,43","-2,43%","-1,54%",No,49273240,Si,"-22,96%",-98%,-28%,"0,00",0,"-4,35%",0
,12/14/2020,"28,26","28,54",Si,"28,26","-0,99%","26,73","-6,35%","-1,00%","27,24","-4,56%","3,90%",No,44734520,Si,"-30,06%",-138%,-41%,"0,00",0,"-4,35%",0
,12/11/2020,"27,15","27,42",Si,"28,27","3,09%","26,06","-4,97%",,"27,2","-0,81%","0,41%",Si,52764350,Si,"-17,51%",20%,-10%,"0,00",0,"-4,35%",0
,12/10/2020,"25,54","25,80",Si,"28,04","8,70%","25,15","-2,50%",,"27,04","4,82%","-4,09%",Si,57774820,Si,"-9,67%",238%,45%,"1,00",1,"7,46%",1
,12/09/2020,"28,68","28,97",Si,"28,85","-0,40%","25,33","-12,56%",,"26,63","-8,07%","0,31%",No,79634720,Si,"24,51%",-116%,-178%,"0,00",0,"-4,35%",0
,12/08/2020,"30,63","30,94",Si,"31,24","0,98%","27,25","-11,92%",,"28,59","-7,58%","5,84%",No,124754300,Si,"95,05%",-62%,-164%,"0,00",0,"-4,35%",0
,12/07/2020,"24,44","24,68",No,29,"17,48%","24,44","-0,99%",,"28,94","17,24%","2,47%",No,118463700,Si,"85,21%",579%,78%,"1,00",1,"7,46%",1
,12/04/2020,"24,88","25,13",No,"25,24","0,44%","23,51","-6,44%","-1,09%","23,85","-5,09%","3,54%",No,56044060,Si,"-12,38%",-83%,-43%,"0,00",0,"-4,35%",0
,12/03/2020,"23,55","23,79",No,"25,62","7,71%","23,5","-1,20%",,"24,03","1,03%","4,62%",No,85634260,Si,"33,89%",200%,73%,"1,00",1,"7,46%",1
,12/02/2020,"22,24","22,46",No,"23,4","4,17%","21,15","-5,84%","-0,49%","22,51","0,21%","-13,36%",Si,149062100,Si,"133,05%",62%,-29%,"0,00",0,"-4,35%",0
,12/01/2020,"28,09","28,37",Si,"28,14","-0,81%","24,45","-13,82%",,"25,67","-9,52%","3,61%",No,84539790,Si,"32,17%",-132%,-206%,"0,00",0,"-4,35%",0
,11/30/2020,"28,24","28,52",Si,"30,15","5,71%","24,11","-15,47%",,"27,11","-4,95%","2,10%",No,137243000,Si,"114,57%",122%,-243%,"0,00",0,"-4,35%",0
,11/27/2020,"31,19","31,50",Si,"33,5","6,34%","26,12","-17,08%",,"27,66","-12,20%","7,37%",No,207834000,Si,"224,94%",146%,-279%,"0,00",0,"-4,35%",0
,11/25/2020,"23,96","24,20",No,"29,75","22,94%","23,69","-2,11%",,"29,05","20,04%","0,59%",Si,202563700,Si,"216,70%",791%,53%,"1,00",1,"7,46%",1
,11/24/2020,"22,35","22,57",No,"24,27","7,52%","20,63","-8,61%","-3,26%","23,82","5,52%","6,23%",No,115468800,Si,"80,53%",192%,-91%,"0,00",1,"-4,35%",0
,11/23/2020,"18,63","18,82",No,"21,45","14,00%","18,57","-1,31%",0,"21,04","11,82%","2,64%",No,84716300,Si,"32,45%",444%,71%,"1,00",1,"7,46%",1
,11/20/2020,"19,03","19,22",No,"19,66","2,29%",18,"-6,35%",,"18,15","-5,57%","0,26%",Si,72103990,Si,"12,73%",-11%,-41%,"0,00",0,"-4,35%",0
,11/19/2020,"18,5","18,69",No,"18,98","1,58%","17,96","-3,88%",0,"18,98","1,58%","3,35%",No,56225400,Si,"-12,09%",-39%,14%,"1,00",0,"1,58%",1
,11/18/2020,"18,28","18,46",No,"19,25","4,26%","17,54","-5,00%",0,"17,9","-3,05%","2,41%",No,89957890,Si,"40,64%",66%,-11%,"0,00",0,"-4,35%",0
,11/17/2020,"16,29","16,45",No,"18,75","13,96%","16,18","-1,66%",,"17,85","8,49%","2,26%",No,116618500,Si,"82,33%",442%,63%,"1,00",1,"7,46%",1
,11/16/2020,"15,96","16,12",No,"16,1","-0,12%","15,01","-6,88%","-1,53%","15,93","-1,18%","1,01%",No,65325990,Si,"2,13%",-105%,-53%,"0,00",0,"-4,35%",0
,11/13/2020,"14,49","14,63",No,16,"9,33%","14,49","-0,99%",,"15,8","7,96%","-0,62%",Si,76622570,Si,"19,80%",262%,78%,"1,00",1,"7,46%",1
,11/12/2020,"16,66","16,83",No,"17,06","1,39%","14,41","-14,36%",,"14,58","-13,35%","4,39%",No,99287570,Si,"55,23%",-46%,-218%,"0,00",0,"-4,35%",0
,11/11/2020,"14,57","14,72",No,"15,97","8,52%","14,4","-2,15%",,"15,96","8,46%","4,07%",No,47027940,Si,"-26,47%",231%,52%,"1,00",1,"7,46%",1
,11/10/2020,"14,99","15,14",No,"15,01","-0,86%","13,18","-12,95%",,14,"-7,53%","2,18%",No,38078740,Si,"-40,47%",-133%,-187%,"0,00",0,"-4,35%",0
,11/09/2020,"14,96","15,11",No,"15,9","5,23%","14,11","-6,62%",,"14,67","-2,91%","8,17%",No,60098960,Si,"-6,04%",103%,-47%,"0,00",0,"-4,35%",0
,11/06/2020,"12,22","12,34",No,"14,96","21,21%","12,05","-2,37%",0,"13,83","12,05%","2,86%",No,89977560,Si,"40,68%",724%,48%,"1,00",1,"7,46%",1
,11/05/2020,"10,9","11,01",No,"12,13","10,18%","10,85","-1,44%",,"11,88","7,91%","1,68%",No,48560380,Si,"-24,08%",296%,68%,"1,00",1,"7,46%",1
,11/04/2020,"10,82","10,93",No,"10,92","-0,08%","10,55","-3,46%",,"10,72","-1,91%","3,05%",No,15783360,Si,"-75,32%",-103%,23%,"1,00",0,"-1,91%",0
,11/03/2020,"10,57","10,68",No,"10,94","2,48%","10,44","-2,21%",,"10,5","-1,65%","0,28%",Si,21652810,Si,"-66,15%",-4%,51%,"1,00",0,"-1,65%",0
,11/02/2020,"10,23","10,33",No,"10,57","2,30%","10,23","-0,99%",,"10,54","2,01%","0,99%",Si,11677850,Si,"-81,74%",-11%,78%,"1,00",0,"2,01%",1
,10/30/2020,"10,61","10,72",No,"10,68","-0,34%","9,85","-8,08%",,"10,13","-5,47%","-1,30%",No,19728370,Si,"-69,16%",-113%,-79%,"0,00",0,"-4,35%",0
,10/29/2020,"10,9","11,01",No,"11,1","0,83%","10,56","-4,08%",0,"10,75","-2,35%","0,46%",No,20515710,Si,"-67,92%",-68%,10%,"1,00",0,"-2,35%",0
,10/28/2020,"10,66","10,77",No,"10,99","2,07%","10,1","-6,19%",,"10,85","0,77%","-2,65%",Si,30941720,Si,"-51,62%",-19%,-37%,"0,00",0,"-4,35%",0
,10/27/2020,10,"10,10",No,"11,04","9,31%","9,92","-1,78%",,"10,95","8,42%","0,50%",Si,53695930,Si,"-16,05%",262%,61%,"1,00",1,"7,46%",1
,10/26/2020,"9,72","9,82",No,"9,97","1,56%","9,6","-2,21%",,"9,95","1,35%","2,42%",No,23767340,Si,"-62,84%",-40%,51%,"1,00",0,"1,35%",1
,10/23/2020,"9,71","9,81",No,"9,83","0,23%","9,47","-3,44%",,"9,49","-3,23%","0,31%",No,12618010,Si,"-80,27%",-91%,24%,"1,00",0,"-3,23%",0
,10/22/2020,"9,37","9,46",No,"9,75","3,03%","9,22","-2,58%",,"9,68","2,29%","1,85%",No,17928580,Si,"-71,97%",18%,43%,"1,00",0,"2,29%",1
,10/21/2020,"9,3","9,39",No,"9,48","0,93%","9,2","-2,05%",,"9,2","-2,05%","0,32%",No,9189978,Si,"-85,63%",-64%,54%,"1,00",0,"-2,05%",0
,10/20/2020,"9,6","9,70",No,"9,66","-0,37%","9,27","-4,39%",,"9,27","-4,39%","0,31%",No,11138220,Si,"-82,59%",-114%,3%,"0,00",0,"-4,35%",0
,10/19/2020,"9,79","9,89",No,"9,82","-0,69%","9,53","-3,62%",,"9,57","-3,22%","0,82%",No,9126352,Si,"-85,73%",-127%,20%,"1,00",0,"-3,22%",0
,10/16/2020,"9,94","10,04",No,"9,95","-0,89%","9,66","-3,78%",,"9,71","-3,28%","0,30%",No,11142460,Si,"-82,58%",-135%,16%,"1,00",0,"-3,28%",0
,10/15/2020,"9,27","9,36",No,"9,91","5,85%","9,18","-1,95%",0,"9,91","5,85%","-0,75%",Si,12924090,Si,"-79,79%",127%,57%,"1,00",0,"5,85%",1
,10/14/2020,"9,6","9,70",No,"9,66","-0,37%","9,29","-4,19%",,"9,34","-3,67%","1,37%",No,13785100,Si,"-78,45%",-114%,7%,"1,00",0,"-3,67%",0
,10/13/2020,"9,88","9,98",No,"9,88","-0,99%","9,41","-5,70%",,"9,47","-5,10%","-0,10%",No,21847180,Si,"-65,84%",-138%,-26%,"0,00",0,"-4,35%",0
,10/12/2020,"10,04","10,14",No,"10,05","-0,89%","9,66","-4,74%",,"9,89","-2,47%","0,90%",No,20623570,Si,"-67,76%",-135%,-5%,"0,00",0,"-4,35%",0
,10/09/2020,"10,13","10,23",No,"10,19","-0,40%","9,89","-3,34%",,"9,95","-2,75%","1,30%",No,19653450,Si,"-69,27%",-116%,26%,"1,00",0,"-2,75%",0
,10/08/2020,"10,29","10,39",No,"10,4","0,07%","9,99","-3,88%",,10,"-3,78%","2,90%",No,34989190,Si,"-45,30%",-97%,14%,"1,00",0,"-3,78%",0
,10/07/2020,"10,04","10,14",No,"10,49","3,45%","9,99","-1,48%",,10,"-1,38%","1,41%",No,54672420,Si,"-14,52%",34%,67%,"1,00",0,"-1,38%",0
,10/06/2020,"9,04","9,13",No,"10,18","11,50%","8,9","-2,52%",0,"9,9","8,43%","0,11%",Si,90864040,Si,"42,06%",347%,44%,"1,00",1,"7,46%",1
,10/05/2020,"9,43","9,52",No,"9,49","-0,36%","8,92","-6,34%",,"9,03","-5,19%","2,50%",No,36316880,Si,"-43,22%",-114%,-41%,"0,00",0,"-4,35%",0
,10/02/2020,"9,06","9,15",No,"9,28","1,41%","8,94","-2,30%",,"9,2","0,54%","-4,23%",Si,55018340,Si,"-13,98%",-45%,49%,"1,00",0,"0,54%",1
,10/01/2020,"9,69","9,79",No,"10,1","3,20%","9,23","-5,69%",,"9,46","-3,34%","2,00%",No,124297600,Si,"94,33%",24%,-26%,"0,00",0,"-4,35%",0
,09/30/2020,10,"10,10",No,"11,42","13,07%","9,11","-9,80%",,"9,5","-5,94%",#DIV/0!,#DIV/0!,338584400,Si,"429,36%",408%,-117%,"0,00",1,"-4,35%",0
,,,,,,"2,57%",,"-4,51%",,,,,,"63961003,47",,,,,,,,
,,,,,Cantidad de veces que el Low excedi√≥ el stop lost,,,,8,,,,,,,,,,,,,
,,,,,Cantidad de operaciones,,,,198,,,,,,"0,50%","78,35%",Ganadoras,,,,,
,,,,,Rateo de veces que sucede,,,,"4,04%",,,,,,,"21,65%",Perdedoras,,,,,
,Desvio Estandard,,,,% que excede el SL,,,,"-12,77%",,,,,,,"100,05%",Rdo Final,,,,,
,"2,47%",,,,Promedio de exceso,,,,"-1,60%",,,,,,,,,,,,,
,"1,07%",,,,,,,,,,,,,,"0,90%","79,33%",Ganadoras,,,,,
,"2,33%",,,,,,,,,,,,,,,"20,67%",Perdedoras,,,,,
,"3,55%",,,,,,,,,,,,,,,"67,28%",Rdo Final,,,,,
,"1,39%",,,,,,,,,,,,,,,,,,,,,
,"4,73%",,,,,,,,,,,,,,"1,00%","77,78%",Ganadoras,,,,,
,"5,16%",,,,,,,,,,,,,,,"22,22%",Perdedoras,,,,,
,"35,14%",,,,,,,,,,,,,,,"58,29%",Rdo Final,,,,,
,"3,88%",,,,,,,,,,,,,,,,,,,,,
,"25,06%",,,,,,,,,,,,,,"1,10%","78,02%",Ganadoras,,,,,
,"5,63%",,,,,,,,,,,,,,,"21,98%",Perdedoras,,,,,
,"8,50%",,,,,,,,,,,,,,,"45,30%",Rdo Final,,,,,
,"1,20%",,,,,,,,,,,,,,,,,,,,,
,"3,09%",,,,,,,,,,,,,,"1,50%","72,93%",Ganadoras,,,,,
,"8,70%",,,,,,,,,,,,,,,"27,07%",Perdedoras,,,,,
,,,,,,,,,,,,,,,,"13,58%",Rdo Final,,,,,